FIPS,trump_vs_senate,trump_vs_house
1001,2.459140273,-0.634750002
1003,3.770253831,-0.266260411
1005,1.813876232,-0.775103121
1007,2.548100252,
1009,2.33229592,
1011,0.86611856,-0.58363239
1013,2.405179471,-0.353402364
1015,2.890078592,-1.763641325
1017,3.285087909,-1.696569456
1019,3.953012946,-0.995169324
1021,2.177602351,
1023,1.365896599,
1025,2.023302153,
1027,2.445988457,-1.695522317
1029,2.332696308,-0.403685972
1031,2.866906068,-1.023852389
1033,3.829514444,-0.457477443
1035,2.188283731,1.725023489
1037,1.701322957,
1039,2.810966996,0.067737116
1041,3.124102672,0.065800413
1043,2.849471605,-0.317621677
1045,3.82164393,-0.290839035
1047,1.351969085,
1049,3.249849245,0.666240915
1051,2.336896755,-0.872656319
1053,3.044999748,0.698818553
1055,3.108308881,-0.519620729
1057,2.849918986,-0.343486825
1059,4.157982083,0.435881583
1061,4.154525552,0.039392615
1063,1.309097605,
1065,1.383727339,
1067,2.690180153,-0.660557331
1069,3.191725512,-0.445113198
1071,3.630491667,
1073,1.983382011,
1075,1.276964076,-0.40989764
1077,4.273750937,
1079,4.036764112,-0.393749029
1081,2.398210455,-2.454821465
1083,3.528142661,
1085,1.048555571,
1087,0.818005132,-3.056601292
1089,2.8543325,
1091,1.738207537,
1093,2.739094821,-0.018146413
1095,3.426632261,-0.795780573
1097,3.203249988,-0.302156068
1099,2.389297457,0.770247769
1101,1.424530543,
1103,3.277286378,
1105,1.333724104,
1107,1.707470417,
1109,2.428774975,-1.15598765
1111,1.464413642,-0.447871829
1113,2.605821544,-1.456202491
1115,2.342289687,-0.665380241
1117,2.531102843,
1119,0.805410123,
1121,1.796287546,-1.279129088
1123,1.77202367,-1.395101548
1125,2.693200488,
1127,3.604659975,-0.307696491
1129,4.365696662,1.842091323
1131,0.922777038,
1133,2.86518769,0.050612874
2001,,
2002,,
2003,,
2004,,
2005,,
2006,,
2007,,
2008,,
2009,,
2010,,
2011,,
2012,,
2013,,
2014,,
2015,,
2016,,
2017,,
2018,,
2019,,
2020,,
2021,,
2022,,
2023,,
2024,,
2025,,
2026,,
2027,,
2028,,
2029,,
2030,,
2031,,
2032,,
2033,,
2034,,
2035,,
2036,,
2037,,
2038,,
2039,,
2040,,
2099,,
4001,1.481333538,0.923186276
4003,1.266609432,1.533317802
4005,0.278211624,0.401815549
4007,2.302384071,-8.629162912
4009,3.139759125,3.111990673
4011,5.974348886,5.572455313
4012,3.651381572,-1.052443805
4013,0.849255942,10.49104126
4015,2.641187073,-0.547069401
4017,1.697722241,2.05707316
4019,0.292930667,9.982246534
4021,1.961852499,-5.795887438
4023,2.696690715,2.220973468
4025,1.353220005,-3.0635489
4027,2.249008905,-15.24184002
5001,,
5003,,-0.508875086
5005,,
5007,,-3.572442033
5009,,-2.269896331
5011,,-2.290580801
5013,,-0.921823971
5015,,-1.72738286
5017,,
5019,,-3.962188991
5021,,
5023,,
5025,,-1.791516511
5027,,-1.246449675
5029,,1.09080973
5031,,
5033,,-0.311771745
5035,,
5037,,
5039,,-1.480854228
5041,,
5043,,-2.497456052
5045,,0.26112524
5047,,-1.563413209
5049,,
5051,,-4.844378141
5053,,-1.60794577
5055,,
5057,,-0.723631386
5059,,-1.877872319
5061,,-1.284333021
5063,,
5065,,
5067,,
5069,,-2.889537659
5071,,-1.553310816
5073,,0.179879977
5075,,
5077,,
5079,,
5081,,-0.162193881
5083,,-1.646321909
5085,,
5087,,0.007174167
5089,,-2.587375529
5091,,-0.54955808
5093,,
5095,,
5097,,-2.343846308
5099,,-0.628661649
5101,,-5.046335347
5103,,-1.06134535
5105,,0.652393642
5107,,
5109,,-1.48545504
5111,,
5113,,-1.621383905
5115,,-2.501213268
5117,,
5119,,-1.692404511
5121,,
5123,,
5125,,-0.296061323
5127,,-1.420937466
5129,,-4.453238866
5131,,-0.592545233
5133,,-2.022870909
5135,,
5137,,
5139,,-1.986128389
5141,,0.76910931
5143,,-3.604882297
5145,,0.407674857
5147,,
5149,,-0.962019261
6001,,-10.80682981
6003,,-1.876776224
6005,,-0.169081197
6007,,0.23666987
6009,,2.343853426
6011,,2.079351562
6013,,-5.001136857
6015,,3.529946347
6017,,-0.780475591
6019,,-6.944529056
6021,,-15.58332097
6023,,1.573839738
6025,,1.386119763
6027,,-0.872149056
6029,,-8.273659031
6031,,-5.448691979
6033,,4.205574575
6035,,1.355347736
6037,,
6039,,0.549890799
6041,,-0.802723622
6043,,0.773218075
6045,,0.837040451
6047,,0.066255724
6049,,2.710305415
6051,,-1.33791521
6053,,4.470405015
6055,,4.093599368
6057,,-3.34460148
6059,,-5.611070067
6061,,-7.707249685
6063,,0.484911978
6065,,-9.581252764
6067,,-20.03920142
6069,,4.149836677
6071,,-5.08863928
6073,,-0.010780531
6075,,-5.794275884
6077,,1.060486195
6079,,-1.100023557
6081,,
6083,,-1.758261146
6085,,1.901612337
6087,,1.580502812
6089,,1.564483052
6091,,2.405713765
6093,,1.642208832
6095,,12.6832363
6097,,0.742684386
6099,,4.186091911
6101,,2.436583043
6103,,2.464302141
6105,,3.469591226
6107,,-3.977832666
6109,,0.11252374
6111,,-4.084571852
6113,,-5.248946622
6115,,1.033982118
8001,-1.373033474,2.778817158
8003,-0.21506755,-0.622846745
8005,-2.778754527,3.197373401
8007,-1.133904996,-0.32909224
8009,0.741237612,-1.385049515
8011,-0.659394975,-2.951011715
8013,-2.324088291,-14.12192146
8014,-3.494175751,-2.602702769
8015,-1.192000131,-3.213379306
8017,-1.195041914,-2.408869842
8019,-1.564763065,-0.788805816
8021,0.666158765,0.314757848
8023,0.714372487,0.924062743
8025,1.621105231,-1.991028171
8027,-0.869656054,-0.614352136
8029,-0.524308509,-0.399469515
8031,-2.233757007,-1.487902899
8033,0.24176476,-0.778829747
8035,-3.465583789,3.77947494
8037,-1.894721967,-3.192099442
8039,-1.363045724,-2.992786412
8041,-2.614984584,-4.228485664
8043,-0.397155442,-1.726276712
8045,-1.231996121,1.831486178
8047,-0.967797248,0.247861737
8049,-1.712012764,-1.464687494
8051,-2.164378106,-1.356544661
8053,-1.809210526,-1.464598997
8055,0.518475478,-0.426630157
8057,-0.896017117,-1.440780196
8059,-2.450543951,-11.45103925
8061,-0.357805765,-2.062207084
8063,-0.644125566,-3.048388594
8065,-0.328581811,0.374890879
8067,-1.704522341,-0.493651825
8069,-2.777455115,-1.880999392
8071,0.454955588,-0.899852236
8073,-1.229826523,-2.871841592
8075,-0.984073931,-3.013325185
8077,-1.6330893,-0.112783152
8079,-1.745438453,-1.269380515
8081,-0.703402796,-0.544212694
8083,-1.142783621,-0.757987383
8085,-1.29453099,-0.7166722
8087,-0.373119541,-2.938366162
8089,-1.147334011,-3.628583444
8091,-1.48485667,-0.795914491
8093,-0.913463425,-1.496034789
8095,-1.016781432,-2.978049472
8097,-1.440308795,-0.944275577
8099,-0.069882034,-2.361392418
8101,-0.460268615,-0.765441309
8103,-0.769735259,0.22016855
8105,0.201179656,-0.031857289
8107,-1.922459679,-0.681896198
8109,0.079263135,0.450225719
8111,-1.559235844,-1.29976943
8113,-1.966253797,-1.489530735
8115,1.450373821,-3.523876735
8117,-2.690103498,-2.101036027
8119,-1.127493714,-2.353168673
8121,-0.736325086,-2.011268083
8123,-1.680785546,-3.840984657
8125,-2.816363135,-3.137139073
9001,,-8.139009472
9003,,-3.086314848
9005,,1.57473941
9007,,1.157288645
9009,,-1.34303399
9011,,6.875979415
9013,,4.571190022
9015,,7.351726667
10001,1.154824882,-0.009690942
10003,1.710161375,-1.038228301
10005,1.127142894,-0.465086279
11001,,
12001,,-1.621350459
12003,,3.331286269
12005,,
12007,,1.471006564
12009,,-2.352015203
12011,,6.130187182
12013,,
12015,,-2.234269265
12017,,0.127638344
12019,,-0.086634516
12021,,-2.980517375
12023,,26.39086139
12027,,-0.760739543
12029,,
12031,,14.85350139
12033,,1.837675046
12035,,-1.825503903
12037,,
12039,,2.547491967
12041,,
12043,,-0.446280346
12045,,
12047,,3.355679738
12049,,2.282876088
12051,,
12053,,0.504192713
12055,,-1.307700487
12057,,-5.425277507
12059,,0.256423409
12061,,-2.968303872
12063,,
12065,,3.209918721
12067,,
12069,,6.519838062
12071,,-0.330034064
12073,,9.455643733
12075,,
12077,,
12079,,2.940869051
12081,,-1.611641868
12083,,-0.350939571
12085,,-5.143799909
12086,,-5.062249235
12087,,-0.420101773
12089,,1.063879512
12091,,0.91911657
12093,,-0.525396142
12095,,1.943083078
12097,,4.089632128
12099,,14.83756872
12101,,-3.329491685
12103,,2.923278015
12105,,-6.751580205
12107,,1.101881539
12109,,-2.345617336
12111,,-2.34456904
12113,,1.906683529
12115,,-7.620171652
12117,,1.13455448
12119,,-2.291821958
12121,,
12123,,
12125,,1.807538337
12127,,-1.817548668
12129,,
12131,,0.813927865
12133,,
13001,,-0.361640794
13003,-9.412552301,-2.165920826
13005,,-1.050730008
13007,-5.764168072,9.359515289
13009,-7.612163293,-1.976263663
13011,-3.052274741,-0.212079956
13013,-8.092259083,-1.130373045
13015,-5.951684166,-1.044152224
13017,-10.46017799,-1.984988868
13019,-5.721628112,-1.195622254
13021,-6.552116782,-17.41268647
13023,-5.501639284,-1.040499472
13025,,-0.157059262
13027,-17.91167985,-1.472256927
13029,-8.469529364,-2.765216989
13031,-9.53950421,-1.714489415
13033,-10.07362219,-1.563394526
13035,-5.813208115,-0.804653545
13037,-9.199778339,10.13675297
13039,-15.18553387,-0.675350682
13043,-7.119724063,-1.753414367
13045,-6.519414194,-1.895387999
13047,-11.62870526,-0.362942331
13049,-13.15003194,-1.69911172
13051,-6.739446417,-3.103993213
13053,-8.072972779,3.677485896
13055,-4.347668672,0.919077557
13057,-7.115797633,-2.234005535
13059,-7.399812589,-3.365120862
13061,-9.696157102,3.723610056
13063,6.01645615,1.947964985
13065,-14.516523,-3.403540165
13067,-8.984164497,-8.527510373
13069,-8.790379853,-0.882197151
13071,-7.380491634,-1.91918372
13073,-11.16685168,-1.624287669
13075,-10.03803487,-1.61043487
13077,-6.188907117,-2.601100908
13079,-4.290220748,3.145212022
13081,-10.22708769,2.269285979
13083,-8.995777731,-0.03533557
13085,-4.978444549,-0.972945246
13087,-18.88324662,3.629228261
13089,4.20759122,-20.55684471
13091,-6.146835153,-1.849244554
13093,-9.793479606,3.122022072
13095,-6.313352502,2.719514426
13097,-6.712581071,1.089667217
13099,-18.13488717,4.823759637
13101,,-0.922997368
13103,-5.610253376,-2.953447509
13105,-13.91314676,-1.4459295
13107,-8.093933628,-2.092092092
13109,-8.121295478,-1.866456798
13111,-4.523855939,-0.726832181
13113,-7.5094897,19.69856875
13115,-5.636007721,-0.41729047
13117,-10.02430346,-12.55173434
13119,-8.151676961,-1.030994919
13121,-6.919587222,-19.44785852
13123,-4.852326611,-0.80275558
13125,-3.675313806,-0.329413641
13127,-13.51151643,-2.242158557
13129,-5.163896224,0.561301413
13131,-15.49114061,3.389706482
13133,-9.652668661,-3.385998929
13135,-9.846392626,-13.83908716
13137,-5.670931653,-0.781399054
13139,-8.55161057,-1.543198649
13141,-5.769792902,-1.249856802
13143,-2.869358534,0.105457035
13145,-5.772509246,-2.582540324
13147,-12.05477351,-1.381782649
13149,-2.696790337,-1.172559961
13151,-7.240275886,10.66102224
13153,-7.307323362,-2.089087786
13155,-7.021783817,-1.268554855
13157,-5.76411671,-1.138711465
13159,-4.78521498,-1.16161294
13161,,0.049702896
13163,-10.29366889,-1.035425554
13165,-7.728448573,-1.740739468
13167,-7.449208162,-1.720012635
13169,-5.385951908,-1.455028723
13171,-3.742007572,-1.459586767
13173,-14.28321995,-1.964615303
13175,-7.232679688,-1.3058593
13177,-6.316703196,3.657873658
13179,-8.618511259,-1.592223169
13181,-9.745554743,-1.289297074
13183,-7.137986877,-1.294056415
13185,-18.01707568,-1.824385479
13187,-5.288313631,-0.912399612
13189,-11.0328328,-1.353535336
13191,-9.443480488,-2.297390154
13193,-6.6837731,2.797585065
13195,-5.36873751,-0.51222232
13197,-7.413628811,4.808873071
13199,-5.884334671,-1.600874668
13201,-13.29050672,5.192466945
13205,-8.78334086,5.427389405
13207,-4.661010947,-1.306246843
13209,-6.552137071,-1.502447111
13211,-5.632379932,-2.282155772
13213,-8.648691931,0.110147937
13215,-8.327471594,-26.10082617
13217,-6.960579702,-30.35812873
13219,-7.660700312,-4.017905686
13221,-5.034735695,-1.027272215
13223,-7.203926971,-0.942576374
13225,-7.413844785,1.888778701
13227,-3.031486215,-4.583714108
13229,-5.705102285,-0.626903489
13231,-2.527714878,-1.107751847
13233,-5.136948991,-0.361471375
13235,-6.511491575,-2.452192652
13237,-5.51153607,-1.632186819
13239,-11.04439557,5.891113826
13241,-6.195708283,-1.067156915
13243,-6.742560445,7.034967808
13245,-10.4236285,-2.470968285
13247,-5.444077365,0.998671814
13249,-4.287108101,4.396063603
13251,-8.290419168,-1.882407675
13253,-16.94372455,3.53802246
13255,-5.53460327,-1.643602214
13257,-8.762757747,-1.320736726
13259,-8.019890882,4.572447897
13261,-6.600762887,4.17538428
13263,-6.178571421,2.844484175
13265,-9.794317393,-3.072330863
13267,-7.160688191,-1.619977215
13269,-6.247955161,3.174131431
13271,-5.693395374,-0.203715738
13273,-9.762799531,5.057613259
13275,-15.29260746,-2.313610489
13277,-8.462747918,-3.851781314
13279,-6.999473134,-1.389155923
13281,-5.114732705,-0.594525093
13283,-8.535505561,-1.728518584
13285,-7.846904745,-3.262963959
13287,-8.94797078,-3.997045023
13289,-5.417833417,-0.602332615
13291,-4.477379293,-0.683861471
13293,-4.696494426,-2.266207491
13295,-10.36036676,-0.301681298
13297,-5.752246643,-1.158463909
13299,-13.06355231,-0.8136759
13301,-12.54507958,-1.16926695
13303,-8.818396829,-0.395241577
13305,-5.34000084,-0.779645611
13307,-6.832392142,4.765707544
13309,-5.3629221,-0.608233479
13311,-4.332302265,-0.818290541
13313,-14.61548816,-0.288992765
13315,-6.794811121,-1.26770328
13317,-10.94744999,-1.806743353
13319,-5.339443402,-1.39099774
13321,-5.855500671,-1.384848086
15001,,4.145462357
15003,,8.342091505
15007,,6.025605433
15009,,0.648805598
16001,-0.331482884,7.969425904
16003,19.67322063,-0.649398005
16005,2.613045015,-3.262187819
16007,0.186468813,-1.372389048
16009,3.048977695,0.308848498
16011,1.514557314,-3.566420966
16013,-1.462836795,-8.352473736
16015,1.605200444,-1.04736316
16017,-0.126322321,-1.702831746
16019,0.223043507,-5.643719604
16021,0.344835747,-0.328941078
16023,3.017294063,-0.537191868
16025,1.51018785,-4.675439951
16027,1.524378767,0.169580974
16029,1.599806715,-1.930064118
16031,0.999909285,-2.797573585
16033,0.746566238,-3.743626295
16035,0.571430128,-0.140054394
16037,0.665252447,-4.138139825
16039,2.864814917,-2.844438677
16041,-0.764011594,-2.274214717
16043,0.414248524,-2.781317963
16045,2.108772575,0.559901806
16047,1.874729577,-3.122262353
16049,0.093684109,-0.079776142
16051,0.285956616,-2.693254981
16053,1.809252041,-4.621862864
16055,-0.657455417,-1.919929377
16057,0.249428712,-1.604881813
16059,0.263020209,-3.134756678
16061,1.102008924,-0.157946902
16063,3.54341123,-4.187725653
16065,-1.955001465,-4.844101284
16067,1.278492572,-3.140319898
16069,-0.181113634,-1.383849876
16071,0.882685167,-1.887549061
16073,2.381643882,-0.632083823
16075,1.77382486,0.177381678
16077,0.890710015,-5.173326236
16079,2.263672303,0.636529173
16081,-0.323961858,-4.345262719
16083,2.030136832,-3.999022501
16085,0.600352047,-1.607320132
16087,1.542397696,0.070495575
17001,0.961753066,-5.182924281
17003,,
17005,5.989861374,2.195660936
17007,-0.500539155,-7.556784232
17009,6.115531372,-4.670340886
17011,3.733978269,-5.760970458
17013,10.59956129,-0.263010536
17015,1.968194854,6.372719512
17017,5.533592315,-5.821688685
17019,-0.707069493,-28.46066152
17021,-2.529359606,-10.31026265
17023,1.711276856,-0.28596127
17025,3.069528111,1.200810609
17027,4.94420934,0.236161139
17029,1.343201874,0.364175411
17031,0.691309075,14.79239364
17033,2.478246223,0.59476931
17035,4.331026024,1.436336183
17037,-0.41503311,-2.132873401
17039,4.328236094,-1.585080031
17041,2.584374167,-1.492222681
17043,-1.750042297,3.33200656
17045,5.389223627,0.446936393
17047,2.604946329,-0.386340425
17049,2.573065285,-0.406705847
17051,3.287259297,0.600555047
17053,0.816504433,-7.415223533
17055,6.520472549,-1.354766169
17057,4.980355973,8.855300416
17059,9.999539934,3.764989133
17061,6.947871708,-0.727635777
17063,2.622122849,-6.283748202
17065,8.135276628,2.755195767
17067,3.585198487,-2.452632941
17069,,
17071,4.217752009,6.748910629
17073,1.701951418,2.265900864
17075,1.984727169,-5.275733478
17077,1.780293718,-5.051939456
17079,3.824671971,0.224455772
17081,3.946063871,-1.830291954
17083,5.339404114,-0.347508362
17085,0.857237352,2.251840046
17087,4.975439731,0.154399321
17089,-1.334551033,-6.160437121
17091,1.193533739,0.909838456
17093,-0.936773689,-2.489916865
17095,1.715333982,3.290934628
17097,-2.736458407,-9.191808043
17099,2.794041398,-4.276518114
17101,3.301607458,1.528766265
17103,1.289243938,-6.080987685
17105,3.132261226,-7.138712524
17107,4.791963648,-6.437276351
17109,1.735634142,-7.313969124
17111,-0.708188966,-1.753146072
17113,-1.689118482,-13.36314832
17115,1.651717246,-2.085703025
17117,5.105092172,-0.552146665
17119,2.072617182,-8.96592339
17121,4.119462066,1.701892713
17123,1.540030085,-7.87556843
17125,6.999460948,-6.096692143
17127,2.566101612,0.399213657
17129,1.655303872,-7.055184211
17131,2.647875865,5.373972428
17133,1.019351505,-4.096697944
17135,3.895005688,-1.01603066
17137,3.814626524,-8.106149461
17139,3.007035683,0.942344286
17141,1.199798806,-7.087652769
17143,0.236360488,-17.58319197
17145,7.392590127,-3.39859691
17147,1.462832305,-3.97712194
17149,5.134615864,-3.225021566
17151,4.746310529,1.415621904
17153,7.699561444,-3.397683398
17155,6.015121066,-4.00492284
17157,7.804618702,-1.777227482
17159,1.956217432,-0.523110929
17161,0.653793706,0.563573826
17163,0.034898125,-4.019510408
17165,5.259583113,1.26460979
17167,0.438426838,-14.51659194
17169,6.580588275,-5.711517545
17171,5.486511868,-5.325909414
17173,4.133372747,1.45677034
17175,1.893117554,-9.095967531
17177,1.085427531,2.05737115
17179,1.72382887,-10.11670456
17181,6.706582271,-3.604078393
17183,4.506058611,-1.479053758
17185,0.969237656,0.158602377
17187,0.337882951,3.638632279
17189,4.066619277,0.817985586
17191,3.085480848,0.533669483
17193,3.036874884,0.590325714
17195,2.311943825,3.588546141
17197,0.570177349,2.583100283
17199,4.739852848,-3.320509899
17201,-10.33587549,4.396353036
17203,1.335319004,-6.759253445
18001,,-1.492348918
18003,,-3.350737879
18005,,-2.061884448
18007,,0.129777343
18009,,4.633928986
18011,,4.770080275
18013,,-1.04833937
18015,,0.014612229
18017,,2.432154143
18019,,-3.454272812
18021,,-1.806728037
18023,,-0.424636102
18025,,1.812716947
18027,,-2.963352929
18029,,-0.770889878
18031,,-0.975239753
18033,,-1.581261013
18035,,-0.47537436
18037,,-2.977348396
18039,,-1.814877731
18041,,-0.549299501
18043,,-3.499386445
18045,,0.447693107
18047,,-0.53643374
18049,,0.198812694
18051,,-2.962422627
18053,,1.583982832
18055,,-2.047599872
18057,,-2.182347966
18059,,-2.042725459
18061,,-1.698363817
18063,,-2.942184019
18065,,-0.5526279
18067,,-7.302296618
18069,,-1.864387537
18071,,-0.611136957
18073,,-0.359947102
18075,,-0.523829885
18077,,-0.442766899
18079,,0.736923385
18081,,-3.284983633
18083,,-2.797538396
18085,,-1.18881776
18087,,-2.170281965
18089,,4.56755734
18091,,-6.285341774
18093,,-1.724960219
18095,,2.739713935
18097,,-2.432816766
18099,,-0.378178878
18101,,-1.839452276
18103,,0.004425399
18105,,-1.873226527
18107,,-2.60713305
18109,,-2.355839951
18111,,0.274892621
18113,,-1.459609449
18115,,-0.545573473
18117,,-0.651204448
18119,,-0.170583245
18121,,-1.370368181
18123,,-0.966370329
18125,,-1.320107129
18127,,2.704985572
18129,,-3.707757259
18131,,-0.822163131
18133,,-1.278912367
18135,,-0.865119767
18137,,-0.287682346
18139,,-0.558049013
18141,,-1.588288345
18143,,68.26816315
18145,,-1.36380969
18147,,-0.509703046
18149,,2.09530249
18151,,-2.739766985
18153,,-0.920098115
18155,,-0.044372791
18157,,-2.114912011
18159,,2.511030071
18161,,-0.311130587
18163,,-4.514311365
18165,,-0.720383555
18167,,-2.727474634
18169,,-0.914495724
18171,,-0.268321624
18173,,-4.185437963
18175,,-1.713087856
18177,,-1.033336223
18179,,0.410067169
18181,,-1.572860556
18183,,-1.216124083
19001,0.941779661,3.113760787
19003,0.53031957,3.100562884
19005,1.516834396,1.766382318
19007,2.294637297,2.829822453
19009,1.446080146,4.584302601
19011,1.109205483,0.711074991
19013,-0.126111236,0.543424045
19015,1.143011172,2.083385427
19017,0.096524814,1.211383786
19019,2.077530143,2.657668097
19021,2.136073229,2.194766538
19023,1.43158973,1.441711311
19025,1.854022795,2.633698475
19027,2.207506321,5.123806479
19029,1.648010755,1.631497209
19031,0.700070537,4.234943558
19033,3.635863493,1.318589505
19035,2.103024343,3.293068654
19037,2.471444961,-1.157772061
19039,2.542087625,5.883728223
19041,3.103213619,2.549627599
19043,1.649716018,2.490891545
19045,1.832537498,9.559879114
19047,3.156903882,5.026278243
19049,-2.024534957,-1.35888651
19051,4.918225801,3.710241683
19053,2.338581109,4.050549043
19055,1.249520791,1.032663253
19057,3.902987877,3.374560826
19059,1.667697223,0.181295356
19061,0.888582541,1.735699421
19063,3.805555442,1.897218152
19065,1.585454044,2.226013649
19067,5.421227408,1.859089793
19069,1.176878782,1.252338209
19071,1.522397538,7.137334242
19073,1.370459271,3.078084834
19075,-0.730920791,-1.8478724
19077,1.046299879,3.268846913
19079,1.924093773,2.143208593
19081,4.236599716,2.282511457
19083,0.397576259,0.044981183
19085,3.256270536,2.243207659
19087,3.564716828,4.669937461
19089,6.408634113,2.952595278
19091,0.807730091,1.62162466
19093,1.704973004,4.303024733
19095,0.81447103,-0.156755411
19097,4.030916998,4.348247785
19099,1.903131341,2.970934468
19101,3.865430288,1.557085149
19103,-1.482645975,-2.113636325
19105,1.070993769,-0.015982821
19107,2.334526583,4.111324419
19109,1.914260401,1.709880488
19111,6.616155272,3.150063877
19113,-0.543132505,-1.785386824
19115,2.603876952,4.679358458
19117,1.45377397,3.625412878
19119,0.518499019,1.249195665
19121,1.092045342,2.710471166
19123,1.552271449,2.98293961
19125,1.140631236,0.736516323
19127,1.405644461,1.052240848
19129,1.249515693,2.631389797
19131,4.71109007,0.317125386
19133,2.047789115,4.00139451
19135,2.913986085,4.926152554
19137,-0.701017391,2.146402758
19139,1.311075551,2.197194329
19141,1.302592711,0.846731423
19143,2.387244761,1.524408519
19145,0.478332821,3.728262622
19147,3.940689999,2.602873106
19149,1.139343122,1.334048271
19151,2.704267168,4.334807652
19153,-0.580473889,0.253153405
19155,1.390649425,1.726773121
19157,1.758541786,1.686377317
19159,1.612350962,4.995130567
19161,1.776566662,3.650934691
19163,-0.205423472,1.272466416
19165,1.271829617,1.509400532
19167,-0.95386274,-1.461059289
19169,-1.299280926,-1.176809911
19171,1.093017875,1.859725273
19173,1.341459478,3.402216285
19175,0.986144735,4.069395878
19177,5.757310803,1.993790351
19179,4.887739656,3.276925471
19181,0.521601171,2.119411495
19183,0.468667697,1.66947576
19185,2.677893673,2.433325028
19187,2.491423051,2.850802777
19189,4.897161139,1.819295602
19191,0.636414807,1.619479746
19193,1.495576216,3.083576246
19195,5.819172423,1.98225699
19197,2.104777378,2.320780035
20001,3.437710151,-0.519742194
20003,3.085406439,0.9944993
20005,2.917283831,1.034745024
20007,2.239987623,-0.235820138
20009,1.948255382,0.935953822
20011,3.329124397,0.087800142
20013,3.425105682,2.236113612
20015,2.103155565,-2.257938645
20017,4.198901518,2.969609548
20019,1.201111162,-0.69927928
20021,3.087611531,-1.006971057
20023,1.196310282,0.416599473
20025,2.824188041,2.887913136
20027,1.757495532,-0.672339417
20029,1.639502324,-1.006812599
20031,2.550429044,0.621071817
20033,3.428605958,-1.229200962
20035,3.225378236,-1.950065115
20037,3.585233229,0.222851429
20039,1.613949716,0.721760542
20041,2.979462234,0.58505209
20043,0.889953845,0.040451405
20045,0.596355347,-2.198613363
20047,0.414937316,-3.311221158
20049,3.412583073,-0.55095804
20051,1.854073133,0.706883582
20053,3.252889517,0.904988862
20055,1.014064447,2.231494416
20057,1.612276959,0.902382333
20059,1.837165773,-1.627649
20061,1.928299989,0.574146343
20063,3.494855532,-0.655376346
20065,2.671420589,-1.047478955
20067,1.840973289,1.001806568
20069,1.191821434,2.257904385
20071,3.730469828,0.431368774
20073,3.856454358,-0.472712041
20075,2.557975846,1.475724764
20077,4.140286134,-1.839262388
20079,2.262363634,-3.421991437
20081,2.07028952,0.496098949
20083,2.858646471,2.828675183
20085,3.539745303,3.321254027
20087,2.659232147,1.316496402
20089,2.150455614,0.142117015
20091,-0.124953954,-0.799124575
20093,1.730754397,-0.402326938
20095,3.197534561,-1.036690694
20097,0.475302889,-1.659889978
20099,2.971515778,0.422035658
20101,2.959500058,2.045472468
20103,1.793492182,-1.011642996
20105,2.448490854,0.732899674
20107,3.149529198,0.524613688
20109,2.697491592,0.503932842
20111,2.526732455,-1.199873454
20113,2.415280559,-2.343414835
20115,1.919439436,0.321764465
20117,2.66975557,0.738629664
20119,2.117606385,7.411143805
20121,1.908916879,0.366727949
20123,1.410101297,0.404426245
20125,0.867754947,-0.697625077
20127,4.743043654,0.758757641
20129,1.904887114,1.274433355
20131,2.857712101,2.256532874
20133,3.263900563,-1.109561326
20135,1.767940536,1.782015132
20137,1.277718777,0.420931788
20139,3.483483201,3.206637495
20141,3.537857798,1.554959786
20143,2.561844309,0.847880118
20145,2.25509883,-3.377451013
20147,2.429735953,0.831608679
20149,1.616101465,-2.30945066
20151,2.583396809,-0.439310624
20153,1.294345836,0.601409708
20155,2.254333419,-0.053438712
20157,0.827732826,-0.863449955
20159,2.771854998,0.66362652
20161,0.596233249,-0.652530706
20163,2.091971325,4.415574817
20165,2.687078448,3.202253973
20167,2.724529615,1.181290488
20169,2.852387034,-2.873247073
20171,1.604254461,0.036495529
20173,1.54793071,-2.917963318
20175,1.679942978,0.214858114
20177,1.751166168,1.028635622
20179,2.174700706,1.610481837
20181,1.545540349,2.61554504
20183,2.0110314,-0.250076048
20185,1.761237755,-1.099636178
20187,-0.344174435,-2.466048468
20189,2.331033564,1.597994673
20191,3.338290476,-0.270762084
20193,2.239588575,-0.531118778
20195,4.119756785,1.604404351
20197,2.547869331,0.338943914
20199,1.292535285,1.639323999
20201,1.660398408,-1.873680796
20203,1.012216006,1.439635028
20205,4.142800096,0.016364252
20207,5.096853098,0.888579204
20209,1.935773764,3.05439428
21001,3.317722995,-2.041575124
21003,3.848372097,-1.750074705
21005,3.138560058,-0.349910876
21007,3.147370065,-0.330207626
21009,3.646681866,-4.855839209
21011,5.763946487,1.79379651
21013,4.696433579,-3.442618141
21015,3.175047351,-1.669205748
21017,2.705588126,-2.949824882
21019,4.876836072,3.055226269
21021,1.888363042,-2.693203787
21023,5.440700231,1.02908189
21025,7.275293876,-2.828569603
21027,5.111149917,-3.754974233
21029,4.211541496,-1.182419334
21031,3.817862124,-4.130840552
21033,4.731922789,-0.466042082
21035,2.949689634,-2.894485118
21037,3.414065463,-1.682824094
21039,3.557410149,-0.550489397
21041,6.241422935,1.71876203
21043,6.491061063,1.317329133
21045,2.163457465,-1.783047505
21047,4.814321704,-0.884172547
21049,2.507333737,-2.24518819
21051,2.930152725,-1.810899497
21053,3.16827558,-1.440995381
21055,4.072904568,-0.254794414
21057,4.458749463,-2.89409203
21059,3.778491344,-4.362300601
21061,3.617641259,-4.233966882
21063,6.644473442,3.653145905
21065,3.063776163,-0.313565838
21067,-0.146518864,-6.54706107
21069,4.659701581,6.220083113
21071,7.367774171,-3.974893554
21073,2.68031299,-3.108476958
21075,2.178282038,-1.321436401
21077,5.090845225,1.186222604
21079,2.198674437,-2.139825711
21081,4.052430679,0.66101555
21083,2.97233124,-1.251540345
21085,3.252497052,-3.64639131
21087,3.387538271,-2.634871924
21089,5.634079885,0.928996792
21091,6.618507857,-2.172624972
21093,3.422670154,-4.453276061
21095,4.213778355,-1.729856755
21097,2.783097587,-3.036011264
21099,3.659640692,-2.105639014
21101,4.265625328,-1.207208078
21103,4.787186312,0.401867083
21105,3.041624792,-1.252225751
21107,4.202147553,1.129445861
21109,1.776907232,-1.821505065
21111,1.068444983,-22.41374722
21113,1.57332301,-8.233720286
21115,3.140311689,-3.400964875
21117,3.395232182,-1.537164981
21119,4.953793507,-2.402770176
21121,2.888578047,-3.906414898
21123,4.45683609,-3.584456352
21125,1.988927982,-2.705180345
21127,4.981185053,-0.797565588
21129,3.486125839,-2.315076228
21131,2.800619171,-1.846602358
21133,5.912671265,-2.927317828
21135,3.880043586,-0.702494587
21137,3.397582806,-2.989277855
21139,4.098596371,0.861347159
21141,4.541750375,-0.287754549
21143,3.402436474,-1.45476608
21145,1.857657188,-2.462913361
21147,3.302997499,-2.088078352
21149,5.058031366,0.866011665
21151,2.138092934,-2.255965255
21153,4.002166049,-2.851975971
21155,6.539257578,0.792299392
21157,3.351544451,-0.665902967
21159,2.589894178,-1.360646693
21161,4.0922899,-2.009190552
21163,5.492893381,-1.703198734
21165,5.366134119,2.378150431
21167,2.698534665,-2.359220419
21169,4.430286076,-1.960435797
21171,2.579410732,-4.61388173
21173,3.55153505,-0.795957947
21175,4.562561072,-3.01602152
21177,5.918715684,3.967828981
21179,4.439640815,-3.732932292
21181,5.19335004,1.182315232
21183,4.745108076,-0.339696052
21185,1.014162686,-2.876230193
21187,3.410956736,0.198562739
21189,4.137390265,-1.17698541
21191,4.586020829,-0.068171435
21193,4.917290599,-3.992993668
21195,5.329789505,-3.390445054
21197,5.125843532,0.663667811
21199,2.172492545,-4.85187885
21201,4.316726545,4.6127915
21203,1.805395474,-3.971141259
21205,4.294357389,-5.634259498
21207,3.257590643,-2.119367899
21209,3.383788909,-3.186640397
21211,2.209467616,-1.174652747
21213,4.663514693,-1.522669562
21215,3.593140346,0.705639477
21217,3.504483083,-2.439058605
21219,6.211700903,0.559175732
21221,4.308281458,-0.613899638
21223,5.178507785,1.44050038
21225,5.753206955,1.030271271
21227,2.575595266,-8.820627635
21229,3.269079087,-1.779206482
21231,4.202264864,-4.154735261
21233,4.564819694,0.352011736
21235,3.002127615,-4.641522675
21237,4.500359555,2.660889591
21239,1.035890061,-4.558332515
22001,-4.669516158,-0.770262722
22003,-5.168543029,-1.640420456
22005,-6.729495003,-15.15872922
22007,-5.664193501,-18.41231357
22009,-6.629904708,-1.871963374
22011,-8.757103452,-1.461154034
22013,-3.123468435,-4.171115635
22015,-4.095060598,-4.432077682
22017,-5.130713689,-5.572880617
22019,-7.74176619,0.121480928
22021,-9.274121367,-1.34686886
22023,-4.609588833,0.705149593
22025,-4.717446506,-1.668879995
22027,-5.894949854,-6.939881611
22029,-5.977096483,-2.773420932
22031,-3.984374545,-3.805995441
22033,-8.122599302,-19.90673408
22035,-11.41690563,-6.269402478
22037,-7.60471364,-17.8133023
22039,-6.53236616,-4.597184437
22041,-8.790226973,-3.719674227
22043,-3.461214557,-0.412463331
22045,-7.623361872,-1.681744991
22047,-8.830628503,-25.39725795
22049,-4.931650493,-0.514140882
22051,-7.291465037,21.96461526
22053,-5.357277886,-1.006490453
22055,-7.167619525,0.191805787
22057,-5.297156276,-0.524015839
22059,-5.00933475,-0.03510177
22061,-9.332892289,-1.5544851
22063,-3.571566555,-4.792341305
22065,-10.19663894,-4.020615663
22067,-8.038747546,-3.768222304
22069,-7.025763193,-4.152413659
22071,-5.869258592,5.897478724
22073,-8.128080803,-4.534780004
22075,-7.146642556,-4.43201782
22077,-7.99578133,-10.63937076
22079,-7.50865772,-2.612170898
22081,-1.943465139,-4.976908281
22083,-8.489399891,-6.239733467
22085,-2.2039961,-1.988222462
22087,-6.794771073,-3.823125566
22089,-6.502795021,-12.00028327
22091,-8.048852789,-2.613064636
22093,-7.515769813,5.738251626
22095,-6.810414243,-25.01801861
22097,-7.449586334,2.600085258
22099,-6.820829897,-1.087550686
22101,-6.659333992,-1.082429798
22103,-6.367642844,-4.015760699
22105,-5.737302872,2.315040145
22107,-11.17375672,-2.724544325
22109,-5.939714609,-4.726061301
22111,-6.166049173,-3.379626187
22113,-5.017437881,-0.43841004
22115,-3.834650579,-1.932888678
22117,-5.824208902,0.705249389
22119,-3.142038868,-4.251234188
22121,-7.328381839,-20.58541085
22123,-3.566809459,-1.94328072
22125,-7.131042468,-1.877368661
22127,-6.193357717,-1.855982937
23001,-8.052740984,6.895060283
23003,-10.70930914,9.199890623
23005,-9.829242321,-1.607427736
23007,-8.959423157,8.079051544
23009,-9.38427662,5.455611314
23011,-8.942543606,2.469113878
23013,-9.207285145,1.928956699
23015,-9.789516276,-0.138815287
23017,-8.053479714,7.56587298
23019,-9.521056982,5.70930254
23021,-7.839252335,7.697584398
23023,-9.827696373,-0.18905829
23025,-8.840744169,8.115993131
23027,-8.654568821,5.131081963
23029,-6.892693063,7.361373957
23031,-9.066824435,1.08685057
24001,,2.30943611
24003,,-9.488826555
24005,,-1.031572097
24009,,-1.80547024
24011,,-1.653319214
24013,,-0.647998193
24015,,-1.363626562
24017,,0.012159134
24019,,-2.646841967
24021,,-12.20957077
24023,,0.243798488
24025,,13.18547369
24027,,-12.34061668
24029,,-1.549934059
24031,,1.395786499
24033,,-3.772192682
24035,,-3.062097571
24037,,-0.656931702
24039,,-3.264862312
24041,,-3.687252196
24043,,-1.110606476
24045,,-3.51259126
24047,,-6.866366956
24510,,-0.338108163
25001,-1.655165872,2.791705741
25003,0.278745831,
25005,1.577252994,7.156600958
25007,-1.458630629,1.124713916
25009,0.370864344,2.832351285
25011,-0.137985229,1.739046474
25013,0.09196566,-5.351826275
25015,-0.296326917,6.20614032
25017,-0.696052591,1.93022128
25019,-1.607612338,0.121983232
25021,-1.997535083,
25023,-1.170507208,1.598740218
25025,-0.186813055,-15.3864865
25027,0.209031167,7.677150547
26001,2.467269856,-2.59034171
26003,1.196187541,-1.789325696
26005,-2.005661779,-6.133241153
26007,1.990894918,-3.216065891
26009,-0.552254171,-3.732993731
26011,4.297568031,4.797983644
26013,1.794801075,-3.126732983
26015,-0.835744676,0.866274074
26017,2.452901955,3.976532223
26019,-1.034427278,-4.248934427
26021,-2.54254771,-4.671796637
26023,0.445489239,-1.033805845
26025,-0.335567656,0.762209297
26027,-1.595629262,-3.540600123
26029,-1.434267349,-5.027211095
26031,0.50461661,-4.431192275
26033,0.699495348,-4.705867136
26035,1.54178774,-3.105635368
26037,-0.716938512,-5.049381824
26039,0.146938055,-5.190924623
26041,1.349625795,-3.103096651
26043,0.894383109,-2.829161351
26045,0.86388375,-1.968722109
26047,-1.900168489,-4.930029649
26049,1.282476295,5.051114942
26051,3.284689674,-4.343487068
26053,0.798204739,-2.066062011
26055,-2.272381316,-4.624904066
26057,1.245544073,-5.022005123
26059,2.09688381,-1.324281824
26061,1.145889502,-3.788996899
26063,2.587866672,-2.677978383
26065,-0.785083367,2.23335775
26067,-0.223455953,0.828218234
26069,3.599207626,3.926816143
26071,1.438511665,-2.346238163
26073,-0.158453357,-5.263544125
26075,1.711454085,-1.589721728
26077,-2.863621998,-7.196701005
26079,0.68426289,-2.465700008
26081,-3.359248861,-2.534804115
26083,1.235638506,-4.286082333
26085,0.834988803,-2.901754512
26087,1.006882539,-1.137075542
26089,-2.93972114,-5.246660929
26091,-1.437322046,-0.95640174
26093,-1.29786168,2.306941603
26095,0.698068451,-3.224481601
26097,0.293546355,-4.454181405
26099,1.194523398,-10.0678
26101,-0.55332651,-4.781785659
26103,-0.008147529,-2.857939581
26105,-0.577644937,-2.829667937
26107,-0.47486096,-3.584474928
26109,0.46250806,-0.305222547
26111,-1.016416907,-7.325357763
26113,0.420028015,-2.972096291
26115,0.795085227,0.180878148
26117,0.692058118,-2.973026301
26119,1.807850976,-3.276914271
26121,-0.556805852,-4.654995049
26123,-0.181916021,-3.316846324
26125,-1.558266241,18.81005759
26127,-0.478533812,-4.348301394
26129,3.17795341,-3.165370801
26131,2.582324113,-3.34749822
26133,0.337275321,-3.137334645
26135,1.163816608,-3.279069339
26137,-0.068967933,-4.507353593
26139,-3.262237105,-4.865450611
26141,1.891582701,-4.202977208
26143,1.309686968,-3.366968007
26145,0.998502784,14.99452683
26147,1.420573628,-0.535359792
26149,-0.942631308,-4.60388242
26151,1.735594197,-0.511774532
26153,3.120107293,-3.607767498
26155,1.849981978,-4.223589499
26157,2.915018537,-0.587783547
26159,-1.540270612,-6.625824581
26161,-2.393791469,8.384069499
26163,-0.176932929,17.38598936
26165,-0.619981916,-3.80776777
27001,1.053909665,-1.818283104
27003,-1.325497833,-11.2804801
27005,1.477280655,8.01903487
27007,-1.831198737,-13.14853447
27009,1.001763214,-3.508324401
27011,4.197473201,10.29017399
27013,0.078060003,3.101973654
27015,2.272969294,4.331140521
27017,1.040872812,-4.180888492
27019,-2.406017973,-16.01002023
27021,-0.089022136,-1.579064213
27023,2.97057734,13.31593648
27025,0.859898236,-1.566981253
27027,1.12097477,7.600920332
27029,1.248719163,6.415648322
27031,-0.621375247,-3.806370651
27033,1.521261295,8.884935189
27035,0.433959189,-0.222932449
27037,-2.031316449,-2.648495372
27039,2.300028027,4.63402233
27041,0.771016818,4.820905592
27043,2.604317264,5.148408334
27045,3.770957712,5.681417482
27047,3.007419902,4.05438503
27049,0.063198034,0.32454816
27051,3.333557122,12.62908851
27053,-2.604248583,-38.50492666
27055,0.290424732,5.141262736
27057,0.459113006,-2.204915213
27059,1.156620306,-0.594431543
27061,1.412167832,-3.18698816
27063,2.456050871,4.75183773
27065,0.93849855,-0.49774114
27067,0.852653703,6.682473646
27069,5.835411757,16.72451562
27071,2.932415356,-2.494833798
27073,2.615444482,12.93367651
27075,0.680962486,-3.79811217
27077,1.360124685,6.686032665
27079,0.993633031,4.382331831
27081,1.358873371,9.985803232
27083,0.887682775,5.228237643
27085,0.768237338,4.24417741
27087,1.44433476,8.27003232
27089,5.599966474,17.41013496
27091,2.660767747,4.126871072
27093,1.960697436,5.701595866
27095,1.103925163,-0.658190297
27097,2.225076087,-0.08282303
27099,2.551246845,4.312737425
27101,1.8603201,7.844281645
27103,0.090680014,3.887472387
27105,1.539503308,3.948270236
27107,6.247183363,18.43375935
27109,-0.302569543,1.721580335
27111,1.610216074,7.14934837
27113,3.469558784,10.94337258
27115,0.541947838,-1.437164825
27117,-0.352759489,5.122041572
27119,3.910614603,11.77947323
27121,0.684411087,8.064156388
27123,-1.284032538,-6.687245896
27125,6.401054326,15.67670202
27127,0.783893366,7.003029658
27129,2.286035388,13.75201768
27131,0.402032736,15.37918136
27133,0.493175793,2.769979615
27135,3.186632135,8.769955528
27137,0.325203666,-5.830531826
27139,-1.894218397,-3.059282646
27141,0.071963445,-4.18933842
27143,1.328167697,6.330124477
27145,0.379257204,-9.512577241
27147,1.012282538,4.252965104
27149,1.401717788,8.810745427
27151,2.841308481,13.71490269
27153,2.303365758,6.578015649
27155,2.489255399,12.16931976
27157,0.901374007,0.772359672
27159,1.361401822,-0.23247115
27161,1.221977427,5.306412546
27163,-1.909355693,-17.21138934
27165,2.558597203,4.8737276
27167,4.915261912,18.2127193
27169,-0.113999639,3.602695231
27171,-0.377693106,-5.611252522
27173,1.691304663,10.49256946
28001,1.969675578,-3.440704345
28003,5.995262726,-1.789612563
28005,2.265276348,-0.386625353
28007,3.529787262,2.822540412
28009,5.071009604,-3.383132311
28011,3.023890271,2.179780514
28013,3.855555804,-3.686837162
28015,3.482764396,3.702980943
28017,4.201995521,-6.105583064
28019,3.586385822,-1.54003904
28021,1.390578843,0.921811317
28023,2.783602812,
28025,2.319066361,-6.55786642
28027,3.323854567,2.209666673
28029,1.805810236,2.036818113
28031,2.542414707,-1.513862501
28033,4.032263849,-1.294678611
28035,4.039197155,
28037,1.997357848,-1.024858229
28039,6.110049469,
28041,4.628372767,
28043,4.015058281,3.822452906
28045,6.982698277,
28047,4.606415381,
28049,1.891793384,-28.40276278
28051,2.224828079,1.5743366
28053,2.456146467,2.831197564
28055,0.745446107,1.960784314
28057,4.418609751,-1.50235532
28059,4.489417571,
28061,2.354796791,-2.429308726
28063,1.549633928,0.921437013
28065,2.368336052,-2.020049415
28067,3.651830667,
28069,1.549853124,-4.345447508
28071,4.074435935,-3.874632758
28073,3.528120912,
28075,2.296632281,-2.610603211
28077,0.879617798,-2.396578631
28079,2.601411181,2.054418686
28081,3.790848616,-3.333493625
28083,2.565634443,1.540065946
28085,1.439242699,-2.183443111
28087,3.188981189,-4.039792927
28089,2.020821619,-14.90994646
28091,3.152835915,
28093,4.172399891,-4.154653088
28095,3.833069885,-4.272888145
28097,3.381441689,3.510131458
28099,3.453006093,-2.30840049
28101,2.552464033,-1.650917806
28103,1.79134004,-3.167104213
28105,2.792556271,-15.22196976
28107,4.151785982,2.423212326
28109,4.618904544,
28111,3.665753128,
28113,2.630524037,-2.444616025
28115,4.104445635,-2.679711431
28117,5.931235089,-3.30519373
28119,4.601762486,2.904110689
28121,2.769651556,-3.549912527
28123,3.243652327,-1.645817478
28125,1.292896346,2.475774174
28127,2.353319308,-2.629694867
28129,2.606784115,-1.093524355
28131,3.864587325,
28133,1.969761663,-5.902720007
28135,3.43528776,5.272371719
28137,4.52633253,-2.24676827
28139,5.494530674,-2.111951393
28141,6.320547774,-0.57388315
28143,3.319966728,2.237639365
28145,4.451848656,-2.615541097
28147,2.618599035,-1.947159768
28149,2.529915125,0.310462379
28151,3.204548822,2.503443067
28153,3.317896357,
28155,3.171897842,-2.592513706
28157,0.109551748,-2.352627929
28159,2.86833203,-2.145237757
28161,3.654778733,3.049296758
28163,2.941065414,1.925161269
29001,,-4.573401501
29003,,-3.223596712
29005,,-3.974238841
29007,,-5.137039188
29009,,-0.823553053
29011,,-0.994363021
29013,,-1.000874298
29015,,-0.567226424
29017,,0.935323034
29019,,-3.698073451
29021,,-4.317365036
29023,,-0.441112498
29025,,-2.191312157
29027,,-3.904329288
29029,,-3.12172889
29031,,-1.426789956
29033,,-2.992892256
29035,,-0.417911875
29037,,-2.99715048
29039,,-0.610121569
29041,,-2.990322115
29043,,-0.258696995
29045,,-2.160579915
29047,,-8.22636051
29049,,-2.730304164
29051,,-5.454150243
29053,,-1.717191435
29055,,-0.268330957
29057,,-0.801480422
29059,,-1.062717658
29061,,-2.420992236
29063,,-1.949793219
29065,,0.051148202
29067,,-0.677119644
29069,,-0.654179303
29071,,-2.289801405
29073,,-3.311629108
29075,,-2.078246163
29077,,-1.064313112
29079,,-2.935057307
29081,,-2.49043512
29083,,-1.709168494
29085,,-1.250918519
29087,,-2.956256136
29089,,-1.03151382
29091,,-0.642254732
29093,,1.869780808
29095,,-22.00937061
29097,,-1.23091964
29099,,-1.853546251
29101,,-1.819884049
29103,,-4.342313886
29105,,-1.310840104
29107,,5.069446943
29109,,1.228080277
29111,,-3.956957355
29113,,-0.935881846
29115,,-2.862530124
29117,,-5.303929109
29119,,-0.191662098
29121,,-2.899428
29123,,1.530594624
29125,,-1.297499857
29127,,-3.17197346
29129,,-2.09941881
29131,,-2.598277463
29133,,-1.230233593
29135,,-1.104551152
29137,,-2.388216671
29139,,-2.952618598
29141,,-1.132991386
29143,,-0.358630781
29145,,-0.825023449
29147,,-4.684378585
29149,,0.41219375
29151,,-2.892566468
29153,,-0.535591883
29155,,-0.123471659
29157,,0.123949757
29159,,-1.253054196
29161,,-1.408999626
29163,,-1.386261512
29165,,-5.130363711
29167,,-0.1509417
29169,,-1.522254942
29171,,-3.490736378
29173,,-17.26242649
29175,,-0.917071909
29177,,7.850741339
29179,,1.441428722
29181,,0.600639212
29183,,-4.111991589
29185,,-0.027097201
29186,,1.434234496
29187,,1.316081406
29189,,17.5653752
29195,,0.144419764
29197,,-3.69638783
29199,,-5.228399221
29201,,-0.098076926
29203,,0.851646556
29205,,-2.325426837
29207,,-0.360630526
29209,,-1.106541867
29211,,-2.390669901
29213,,-0.997181889
29215,,0.125070256
29217,,-1.339765315
29219,,-2.112456675
29221,,2.085833145
29223,,0.074925646
29225,,1.759123436
29227,,-1.524027849
29229,,-0.384760945
29510,,-1.798121354
30001,4.290253299,3.212503102
30003,3.034228099,3.043464125
30005,5.36358908,3.137997848
30007,3.541114069,2.054556932
30009,1.877591594,1.598880304
30011,2.201401115,2.525081167
30013,4.413554297,2.99404749
30015,4.976714821,4.116084772
30017,5.358478001,3.876708987
30019,3.974526772,2.943870117
30021,4.271349853,3.806144068
30023,6.706364825,4.220824115
30025,3.792874041,4.940567693
30027,3.854178931,3.57572103
30029,2.339266964,1.029357287
30031,1.517283995,0.555720822
30033,3.930318083,2.772000837
30035,4.796958153,2.834205438
30037,3.789198606,-5.61400712
30039,4.252876781,2.508861434
30041,5.190041747,3.95227108
30043,3.36644928,1.964888645
30045,2.974692828,4.831500091
30047,3.501393551,1.378072242
30049,3.672441135,2.03033924
30051,4.21058961,4.877120111
30053,2.906189721,1.958392374
30055,1.809958378,2.75995428
30057,3.228248774,2.375937284
30059,3.722274784,1.013217282
30061,4.712808274,1.917109349
30063,2.240650233,0.460617621
30065,4.124279656,3.58408869
30067,2.973503929,1.771858363
30069,2.957214233,3.040480219
30071,2.627086468,3.218087373
30073,4.898162831,3.395570515
30075,2.130066949,2.555522894
30077,5.288891484,4.080067373
30079,4.268927562,3.386440444
30081,3.103488447,1.414888094
30083,3.94511589,2.940224756
30085,4.215981026,2.766535662
30087,2.899241569,2.769938795
30089,4.536060542,2.149589541
30091,3.971683934,4.865759634
30093,7.330942341,4.246746192
30095,3.325909712,2.941237231
30097,2.436509616,1.764467297
30099,3.579355074,2.73559319
30101,5.389441267,3.638695355
30103,1.67061702,5.31379543
30105,5.934583272,4.617416285
30107,4.026285059,4.024419582
30109,4.63262673,3.625346557
30111,3.700366903,2.40296674
31001,-8.929803276,-6.439731424
31003,-1.625274042,-2.057401594
31005,0.960425331,-2.382400518
31007,-0.189476464,1.010623026
31009,2.507565932,-3.125
31011,-3.081490704,-3.936056984
31013,-3.167607403,-2.396890205
31015,-2.634014412,-3.354374056
31017,-3.247669338,-3.399136467
31019,-8.924808964,-6.524162307
31021,-8.76124944,-4.025015751
31023,-4.919778186,-1.833186286
31025,-10.38110381,-3.285746901
31027,-2.543485444,-2.304296467
31029,-2.088135608,-3.532650719
31031,-0.907342226,-2.204822895
31033,-1.314064186,-3.099764277
31035,-4.189380084,-3.870952288
31037,-6.020762731,-4.060454626
31039,-7.435931785,-3.52003106
31041,-3.390683735,-3.053422676
31043,-5.009459383,-3.022121671
31045,-5.520742659,-3.894706045
31047,-5.605069207,-5.386353698
31049,-2.880734061,-3.185621063
31051,-3.294168501,-2.288660065
31053,-10.53470061,-5.150405654
31055,-16.90730023,-5.541936803
31057,-2.184547908,-3.070594547
31059,-7.459313711,-5.898846773
31061,-4.152969174,-3.625308759
31063,-3.496314803,-3.112804538
31065,-3.816554872,-3.816146094
31067,-8.620362761,-6.621054466
31069,-1.753961891,-1.514264914
31071,-3.032104402,-3.785103671
31073,-8.425103643,-7.996788432
31075,-0.884186662,-1.319975631
31077,-3.357342413,-3.389311723
31079,-8.145920572,-5.880603487
31081,-6.468515688,-5.058403799
31083,-2.890908258,-3.192634785
31085,-0.278311317,-2.362315827
31087,-1.284118831,-2.040163744
31089,0.099378054,-2.870625161
31091,-1.47253829,-3.226679929
31093,-4.510817735,-3.551494855
31095,-8.647883476,-8.017952671
31097,-8.971903849,-8.309619558
31099,-7.036950578,-5.78290143
31101,-3.564886516,-3.323048674
31103,-0.572649573,-2.506024096
31105,-0.350803043,-2.888884024
31107,-2.184055795,-3.520475631
31109,-16.14332792,-3.783549095
31111,-4.866905679,-3.496372127
31113,0.349563046,-1.480502313
31115,-9.818756705,-6.339913893
31117,-1.410153102,0.72980633
31119,-5.39361229,-2.273657321
31121,-4.230959162,-3.357303212
31123,-0.639800339,-2.725032726
31125,-4.816450349,-3.193152409
31127,-10.23550761,-7.191695719
31129,-5.991342101,-5.1770786
31131,-10.51924275,-2.142572122
31133,-6.280822265,-5.247710022
31135,-3.2909689,-3.658142999
31137,-4.187415339,-3.844416527
31139,-2.408989563,-2.463184326
31141,-5.867307234,-2.543471923
31143,-5.286828162,-1.121219316
31145,-3.397663833,-2.529053885
31147,-6.228366154,-3.74025449
31149,-4.349779288,-3.519927536
31151,-7.314065583,-5.844192539
31153,-15.42240346,-8.124120067
31155,-8.991246937,-2.653246139
31157,-5.817253756,-2.891288902
31159,-9.414411958,-2.231033368
31161,-0.482255601,-1.713451338
31163,-3.992168986,-4.090286863
31165,-2.071706957,-1.488045075
31167,-3.23448332,-0.948056356
31169,-7.663928662,-6.324371541
31171,0.176601292,-0.439068206
31173,-6.520684174,-5.678012259
31175,-4.509164072,-4.635074691
31177,-10.92106582,-3.824299548
31179,-7.530343256,-4.848454868
31181,-4.399587095,-4.360063676
31183,-0.632695254,-2.818595785
31185,-7.598625199,-6.636060718
32001,,-1.693499099
32003,,0.763057951
32005,,-3.153169202
32007,,-0.959510289
32009,,-0.216435544
32011,,-0.465133305
32013,,-1.975233604
32015,,-0.054098934
32017,,1.657147908
32019,,-5.636157755
32021,,0.821399457
32023,,0.825476514
32027,,-0.472375531
32029,,-2.40742473
32031,,-3.470298102
32033,,0.890206247
32510,,-3.219295042
33001,5.591211668,2.956267457
33003,3.834201324,-1.03108247
33005,4.287932441,1.524254587
33007,7.652026253,4.133308796
33009,2.830813198,0.603989753
33011,4.471143576,-0.685304018
33013,5.347072145,2.066446877
33015,3.898505994,-5.118225143
33017,4.878625131,0.232541686
33019,4.295531154,1.629718618
34001,0.079267466,-1.906283324
34003,0.39585803,3.712785567
34005,-0.709830429,2.333954294
34007,-0.190632867,-24.56720863
34009,0.264834537,-3.206459313
34011,1.440109851,0.292091558
34013,0.577419414,-15.06213654
34015,0.322646295,-4.410737937
34017,1.941026865,-11.50700158
34019,-2.37672338,-3.630451554
34021,-1.264585557,5.550114672
34023,0.6145496,-2.665673252
34025,-1.143829985,4.44901526
34027,-1.49079422,0.537400255
34029,0.327952504,6.948264938
34031,2.813344955,-8.537106574
34033,1.136505856,0.651759121
34035,-2.365185064,8.576920208
34037,0.175264265,3.967544439
34039,-0.231221437,8.748895679
34041,-0.440020421,2.407361458
35001,-4.250493906,10.3456465
35003,-1.7111687,1.5425351
35005,-0.741740065,3.10136738
35006,-2.688806514,1.568066062
35007,-0.913627221,2.713866429
35009,0.581117005,0.109435312
35011,-0.163128362,4.397171298
35013,0.292905758,1.539583883
35015,-0.040598798,2.8004861
35017,-0.916267,2.064607669
35019,0.632631614,6.267683648
35021,-4.417670683,3.060374277
35023,0.035219034,4.120270856
35025,0.396198839,2.689472604
35027,-2.412929078,1.298164223
35028,-4.753559603,-5.365472603
35029,-0.484456058,4.079925833
35031,-2.507624338,11.14216631
35033,-2.274445132,6.191200506
35035,-1.558352714,2.335005833
35037,1.555917912,1.425589409
35039,-1.930034546,4.053919147
35041,0.270124119,-4.556400439
35043,-3.549200213,-2.116433794
35045,-1.259288753,-0.669934439
35047,-0.945037816,4.833011753
35049,-2.03873234,1.393065852
35051,-2.201553368,2.005341292
35053,-2.293972841,3.300549751
35055,-0.513205493,1.962734979
35057,-2.128796353,-0.523009834
35059,1.494182498,1.303111776
35061,-2.593133082,2.804181237
36000,,
36001,,0.942056935
36003,,-1.23408571
36005,,
36007,,6.674031056
36009,,-1.174640516
36011,,-8.254993468
36013,,-2.145408921
36015,,-3.59242078
36017,,5.978352804
36019,,-3.543702912
36021,,4.359101101
36023,,5.073632277
36025,,5.952593539
36027,,0.673999924
36029,,-16.04684882
36031,,-3.849283465
36033,,-2.535401902
36035,,-1.614244602
36037,,-1.396601365
36039,,5.93192357
36041,,-2.132157648
36043,,8.045030971
36045,,-4.167593715
36047,,7.628445541
36049,,-3.00993282
36051,,-0.986426545
36053,,3.600833846
36055,,-17.19292981
36057,,6.786641465
36059,,
36061,,7.125723047
36063,,-5.24519535
36065,,5.725396312
36067,,-10.48115373
36069,,-2.622666743
36071,,6.900226281
36073,,-0.309713084
36075,,-3.140555413
36077,,9.825941423
36079,,3.082465246
36081,,2.134543772
36083,,9.275370878
36085,,2.692494876
36087,,7.6611031
36089,,-2.282896039
36091,,-9.225855129
36093,,0.527195887
36095,,10.52805315
36097,,-3.338912497
36099,,-2.02323339
36101,,-2.213919381
36103,,3.194968838
36105,,8.689836841
36107,,-2.538536633
36109,,-1.427966986
36111,,4.111014206
36113,,-3.350411001
36115,,-2.913887051
36117,,-6.080745832
36119,,-7.113074768
36121,,-0.343249982
36123,,-1.591993907
37001,0.501617911,-0.512343347
37003,1.837111493,-0.289007109
37005,3.230847776,-1.441091044
37007,1.502795125,0.437410236
37009,2.036474383,-0.082233505
37011,-0.139759325,-1.584519417
37013,0.994989936,-1.746580504
37015,0.915340062,-0.124550828
37017,1.718440823,-0.271299536
37019,0.421451257,-1.914661741
37021,-0.30959443,-0.148446706
37023,1.454359234,0.182643663
37025,-0.81243341,-1.130513594
37027,1.356777429,-0.445315018
37029,-1.111559999,-0.699021477
37031,0.621535453,-1.885513256
37033,1.837926334,0.164127074
37035,0.298713441,-1.649346608
37037,-0.84589502,-18.60228845
37039,0.868918163,-0.385480495
37041,-0.256796502,-0.928582329
37043,0.537637992,0.299354249
37045,0.941849041,0.62400148
37047,2.174043488,0.499712525
37049,0.340249559,-2.390968906
37051,0.191696418,0.516072406
37053,-1.15247761,-1.129202523
37055,-0.981469544,-1.389354302
37057,2.049102042,-0.662385866
37059,0.496940731,-2.321788387
37061,1.25852235,-0.641092805
37063,-1.423508019,-0.570503644
37065,1.421523919,0.29017691
37067,-0.747543077,-14.57224032
37069,1.164127247,2.30111531
37071,0.422215683,0.075686435
37073,0.48646819,0.999815641
37075,3.494314668,1.632214322
37077,1.138630697,2.355905908
37079,1.526019552,0.256948891
37081,-0.470958867,0.228341952
37083,1.339148925,0.167196286
37085,0.667144489,2.776293611
37087,1.331748542,0.563055983
37089,-0.867192136,-1.074280528
37091,0.234146511,0.569086264
37093,1.451671062,0.825909496
37095,2.509636412,-0.356811092
37097,-0.40626358,-9.742372542
37099,0.767774396,-0.240073745
37101,0.393463078,-1.28014053
37103,0.978417448,-0.902401832
37105,1.028067398,-5.433232037
37107,0.629974071,-1.908492049
37109,0.315407507,-1.340132072
37111,1.4945959,0.235628616
37113,1.306707185,-0.215833101
37115,2.184342469,0.990326356
37117,2.242370243,0.713713354
37119,-2.581253042,
37121,1.328298788,0.473812534
37123,2.156416567,0.480551656
37125,-0.633786141,-9.662668903
37127,0.645998315,-0.720694028
37129,-0.899469095,-2.648867162
37131,1.412465534,0.546061325
37133,0.794095459,-1.291977377
37135,-1.303831265,-0.053914302
37137,0.957459696,-1.755725976
37139,-0.352115615,-0.590177027
37141,0.495975248,-1.193827407
37143,-0.616958844,-0.862457103
37145,1.904225292,0.48830033
37147,-0.246053628,3.434089964
37149,0.503511157,-0.248094044
37151,1.501463283,-0.134494422
37153,1.083965118,1.559695978
37155,2.424148304,1.037848861
37157,2.004891055,0.691504436
37159,0.847233613,-0.079046057
37161,1.074416015,-0.940718442
37163,0.937574493,-0.59763834
37165,0.13320615,0.453031515
37167,1.009371155,0.463324419
37169,2.355148284,1.239066235
37171,2.623830362,1.034991323
37173,1.160992167,0.742782366
37175,0.076178374,0.122087994
37177,3.092614113,-0.225866258
37179,-1.573876989,-1.460616021
37181,1.171009037,-17.44867515
37183,-2.175391923,-8.049557709
37185,1.639435548,0.330918702
37187,1.361640259,0.323554375
37189,-0.971484001,-1.583412564
37191,0.551511427,-0.529914732
37193,2.637992847,-0.30644174
37195,0.851013275,0.272275399
37197,2.31159704,0.691016608
37199,2.349930817,1.567774348
38001,,-3.364228159
38003,,-4.26148839
38005,,-3.641032637
38007,,-1.355903477
38009,,-3.381037754
38011,,-1.814683993
38013,,0.443284716
38015,,-4.194437977
38017,,-6.557398718
38019,,-3.49044753
38021,,-3.088077563
38023,,-1.643752336
38025,,-0.964559987
38027,,-3.124390932
38029,,-1.329896907
38031,,-2.808082887
38033,,-1.994118264
38035,,-6.286568609
38037,,-1.483214277
38039,,-3.683127572
38041,,-3.559755879
38043,,-0.449873484
38045,,-3.659862829
38047,,-1.292797694
38049,,-0.28722583
38051,,-2.859983801
38053,,-1.30820266
38055,,-1.83717261
38057,,-0.721032502
38059,,-2.632309471
38061,,-1.743763812
38063,,-4.666270579
38065,,-0.688463338
38067,,-2.754379985
38069,,-3.743951467
38071,,-4.972565475
38073,,-4.556753574
38075,,-1.742136512
38077,,-4.381607089
38079,,-3.346902639
38081,,-2.593030953
38083,,-0.043638417
38085,,-4.403570223
38087,,-1.418520718
38089,,-3.346406126
38091,,-4.629232433
38093,,-3.357962262
38095,,-3.808937537
38097,,-5.192591116
38099,,-4.948044326
38101,,-3.17534872
38103,,-2.102832265
38105,,-1.702678282
39001,,-0.116119131
39003,,-1.590001731
39005,,-4.405910686
39007,,-3.097558467
39009,,0.331395993
39011,,-1.531547416
39013,,-1.07008688
39015,,-1.833262193
39017,,-2.133220342
39019,,-0.447406494
39021,,-2.160577363
39023,,-1.826242037
39025,,-4.295692977
39027,,-2.507827171
39029,,-1.685895703
39031,,-3.614625827
39033,,-1.193497198
39035,,-24.59949249
39037,,-1.262584711
39039,,-4.582234884
39041,,-4.811695842
39043,,8.373398818
39045,,-6.154306289
39047,,-10.09238742
39049,,-6.192413757
39051,,-5.745045073
39053,,-0.952681601
39055,,-6.37336151
39057,,-6.165736079
39059,,-1.762940775
39061,,-3.835547791
39063,,-4.609385858
39065,,-2.050904732
39067,,0.006634233
39069,,-5.938852504
39071,,-2.083039825
39073,,-2.87705598
39075,,-3.931477108
39077,,-7.703119465
39079,,-0.445379424
39081,,-1.726960988
39083,,-2.815879663
39085,,-5.529477106
39087,,-0.325865413
39089,,-2.902325067
39091,,-1.858676818
39093,,7.42871288
39095,,14.28211251
39097,,-5.716728644
39099,,8.098848504
39101,,-7.086343252
39103,,-3.463253327
39105,,-0.527058813
39107,,-6.374518599
39109,,-2.751436463
39111,,1.341492752
39113,,-6.32291167
39115,,-4.368743418
39117,,-0.966757852
39119,,-2.35175789
39121,,-0.087331879
39123,,5.937733882
39125,,-1.623838704
39127,,-3.385926692
39129,,-4.4786179
39131,,2.046975835
39133,,-10.13845316
39135,,-1.074835142
39137,,-3.625849895
39139,,3.501693827
39141,,2.520620643
39143,,-2.12745516
39145,,5.279178981
39147,,-2.005212143
39149,,-1.867481778
39151,,-6.857664954
39153,,-16.81998387
39155,,-19.01376948
39157,,-3.857516217
39159,,-3.006123949
39161,,-2.828562706
39163,,-0.627109426
39165,,-2.030774276
39167,,-2.404141363
39169,,-3.790137643
39171,,-4.415690422
39173,,-7.024627984
39175,,-3.586058924
40001,4.02076388,0.048236408
40003,1.626112872,-0.817060533
40005,1.033972883,0.466442879
40007,0.54969644,-0.715194068
40009,2.278418657,-0.396200422
40011,2.101337392,-1.876725397
40013,0.638569903,-0.058767119
40015,0.709928238,-2.479875918
40017,1.748130227,-6.355068013
40019,-0.041193847,-1.267944219
40021,3.940492814,0.486939687
40023,0.302451231,1.36528957
40025,-0.413842981,0.46172255
40027,0.703920704,-4.179666043
40029,2.78930091,2.156820357
40031,-2.043325674,-3.378041169
40033,-1.175169871,-0.988031841
40035,4.645418898,-0.026381663
40037,1.931806565,-0.824984431
40039,1.378265039,-3.128982561
40041,1.999311503,-0.708121778
40043,1.902806696,-1.253623585
40045,1.588140542,-0.920989274
40047,1.015298244,-2.436725663
40049,1.627293902,-1.298355818
40051,2.002806957,-1.68448759
40053,1.461793341,-1.503289841
40055,1.480221136,-1.667445847
40057,0.800296195,-2.040666546
40059,0.740797429,-1.847315608
40061,3.400809717,1.068567491
40063,2.323125915,1.423497629
40065,-2.041957397,-1.937801208
40067,0.652251929,-0.23501012
40069,0.75911461,0.030664541
40071,1.453726993,-1.819332752
40073,0.978097161,-2.481601719
40075,1.241349995,-3.698333302
40077,3.630505523,1.43331601
40079,1.476234438,0.738967288
40081,1.627565936,-0.661919649
40083,1.025799924,-2.4753057
40085,0.128942178,-0.8072895
40087,1.935162964,-1.688052841
40089,1.334918092,0.539024123
40091,3.298005451,0.660148041
40093,1.019172805,-0.969003446
40095,0.215340694,-0.674508907
40097,3.218140234,-0.44774551
40099,2.110731508,-2.735127691
40101,2.352946794,-0.520451568
40103,2.558564105,-3.166240319
40105,2.962630499,0.514380597
40107,3.052241465,1.532491818
40109,0.134093686,1.02495519
40111,2.043510029,-0.623749863
40113,2.477693238,-0.890277355
40115,7.165381774,1.329702956
40117,2.211117663,-0.613091157
40119,1.176469412,-5.261978073
40121,2.148293088,0.193602954
40123,0.981591655,-3.263014188
40125,1.980982665,2.933273113
40127,1.431396857,1.374214699
40129,3.889148888,-0.08000453
40131,2.168309854,-1.483908569
40133,2.259696184,3.40106766
40135,2.601624642,0.812218647
40137,0.176498296,-1.315372929
40139,-0.220693346,-0.080174308
40141,-1.66982618,-1.818718087
40143,0.829853693,-4.51115958
40145,1.813766864,-3.899708075
40147,1.109753667,-3.973078816
40149,2.513951106,-1.729262115
40151,2.496166295,-1.315281701
40153,1.689345664,-1.24364868
41001,3.535823019,-5.473958862
41003,-0.39678051,-21.01877658
41005,0.007501522,1.9571859
41007,1.678980693,2.388306377
41009,2.766953567,2.901990378
41011,3.114358549,1.878128942
41013,2.832588511,-3.640292568
41015,1.919666164,0.321090698
41017,0.819720221,-6.87549322
41019,3.45687132,2.973058334
41021,4.84831397,-6.127755847
41023,4.682161816,-4.65216448
41025,4.316893346,-5.67759513
41027,0.430227479,-5.430214259
41029,0.977522199,-3.853877029
41031,2.349636806,-4.592808309
41033,1.923634464,1.466460153
41035,3.179741901,-3.349901947
41037,3.187218806,-3.700845805
41039,1.210972018,0.306746524
41041,1.77648636,0.012732221
41043,2.018940975,0.800186156
41045,1.340577305,-6.831521756
41047,0.725272062,-1.105185218
41049,4.370994337,-3.296217405
41051,0.370729118,4.153049466
41053,0.809299871,-1.202059438
41055,4.23923794,-5.472297379
41057,2.625106198,0.479619544
41059,2.668293898,-4.407401924
41061,2.720128768,-4.026861306
41063,2.22550438,-4.835345483
41065,2.166759112,-5.157302399
41067,-0.534670099,-0.795452069
41069,5.592188387,-4.425035008
41071,0.91112206,1.198035664
42001,,-1.504140654
42003,,8.876995509
42005,,0.713979144
42007,,0.85855084
42009,,-0.470108597
42011,,-6.917936926
42013,,-2.333179653
42015,,-2.549808454
42017,,-9.58471766
42019,,-9.697237898
42021,,-2.961433637
42023,,-3.358022737
42025,,-1.11800574
42027,,-15.27604512
42029,,-2.462689859
42031,,-2.305547936
42033,,-1.901956672
42035,,-1.083275439
42037,,-2.32729282
42039,,2.476439019
42041,,-16.39255904
42043,,-2.09887834
42045,,-1.321270393
42047,,-2.360799059
42049,,0.546288708
42051,,1.116857474
42053,,-1.737845115
42055,,-1.412664652
42057,,-0.37330423
42059,,2.413404792
42061,,-0.913751299
42063,,-0.301055539
42065,,-1.921648847
42067,,-1.202837124
42069,,4.509576475
42071,,-2.337846086
42073,,1.07157307
42075,,-1.791942894
42077,,-0.698534525
42079,,-12.56312296
42081,,
42083,,-2.973377589
42085,,-0.551697819
42087,,-1.272259727
42089,,0.540237262
42091,,15.44244049
42093,,-4.258028384
42095,,-0.540559178
42097,,1.916715437
42099,,-2.847152821
42101,,-9.572682948
42103,,1.035641238
42105,,-0.741995761
42107,,0.385923266
42109,,-4.27425954
42111,,0.389520149
42113,,-0.7612747
42115,,-1.865009745
42117,,-1.551775624
42119,,-4.026819048
42121,,-2.438353676
42123,,-2.058053266
42125,,-1.586361951
42127,,2.547872394
42129,,-0.572454574
42131,,-2.802820465
42133,,-7.747799534
44001,4.958959659,
44003,6.900055638,1.90406287
44005,4.112187199,
44007,6.620788753,-2.14312638
44009,4.428083062,-0.304217029
45001,1.229060192,-1.475926527
45003,0.639599784,-1.008524719
45005,0.400878294,0.882882134
45007,0.957613396,-2.407025242
45009,0.719048939,2.25798878
45011,0.971540036,0.939682383
45013,-0.134434948,0.421180888
45015,0.996948892,0.417082709
45017,1.05395966,1.453507517
45019,-0.542216124,-1.656346335
45021,1.455299226,-0.407554192
45023,2.206521792,-0.543235225
45025,1.78722084,-0.527337179
45027,1.090225311,1.405005842
45029,1.576054718,-16.43819409
45031,1.120179147,-1.584001017
45033,1.972799059,-0.868685361
45035,1.011351701,2.701980599
45037,1.282968243,-1.133092555
45039,0.612549327,-0.951220738
45041,0.77754199,-3.4428279
45043,0.06024073,-3.052882508
45045,0.458197142,-2.440751277
45047,1.20603571,-2.611565674
45049,1.57025383,2.319270935
45051,0.94262309,-2.911232582
45053,0.899392748,-0.14945827
45055,0.808958565,-1.757469225
45057,1.314218097,-1.876442473
45059,1.331669567,-1.759563
45061,0.945635803,-0.235977453
45063,0.651585124,-0.376565549
45065,0.753937673,-1.854778184
45067,1.055707488,-2.17501695
45069,2.1679511,-1.045009842
45071,0.882086676,-0.35377096
45073,0.457879317,-2.635818871
45075,0.967983542,6.315212022
45077,0.73609382,-2.41055186
45079,-0.039485453,26.00362526
45081,0.809305227,-1.462833353
45083,1.163603387,-16.51959123
45085,0.927702269,-6.085191936
45087,1.730895651,0.109904036
45089,0.951594826,1.389265955
45091,1.246302669,-2.35435933
46003,5.527686001,
46005,-2.458709271,
46007,-2.693854616,
46009,3.501907576,
46011,-3.778616201,
46013,-2.190046807,
46015,2.57377239,
46017,-6.711823716,
46019,0.039684143,
46021,0.529844291,
46023,1.559440576,
46025,0.220186834,
46027,-6.101250583,
46029,-2.319447979,
46031,-2.891554698,
46033,-1.140463151,
46035,-1.942750647,
46037,0.051063521,
46039,0.428206498,
46041,-4.302101563,
46043,0.964476487,
46045,1.216629318,
46047,-1.975097829,
46049,0.88970601,
46051,-1.375740535,
46053,1.210147718,
46055,0.030743845,
46057,-0.030285931,
46059,-0.308921225,
46061,0.196177425,
46063,2.976944793,
46065,-5.792069282,
46067,0.00347893,
46069,0.683946152,
46071,-0.650143616,
46073,0.538517707,
46075,1.304615806,
46077,-0.965929747,
46079,-0.81429403,
46081,-2.427760884,
46083,-3.751169092,
46085,-0.170176558,
46087,1.617672219,
46089,0.673130855,
46091,-0.996799268,
46093,-1.489978882,
46095,-0.593294058,
46097,0.674196096,
46099,-2.741739355,
46101,4.040342905,
46103,-3.286884118,
46105,0.57281467,
46107,-0.432891274,
46109,-2.063422078,
46111,1.716717835,
46113,,
46115,-1.009707044,
46117,-3.042289388,
46119,-2.184377209,
46121,-6.894780769,
46123,0.024661844,
46125,-0.926025071,
46127,-3.991135807,
46129,-1.855356157,
46135,-2.405911451,
46137,-3.909753852,
47001,-1.624422425,1.450180631
47003,-2.19057837,1.677804945
47005,-1.559684665,-0.719960898
47007,-0.287065493,3.632471936
47009,-2.280027576,-3.079399187
47011,-1.583203984,4.483616039
47013,-0.760064442,-1.449445731
47015,-1.158273957,-0.435022576
47017,-1.308301278,-1.950756383
47019,-0.619082459,1.042048777
47021,-1.598748902,-5.914834471
47023,-1.187220097,-1.813622544
47025,-0.958047869,-1.431295603
47027,-1.58218296,-1.693771626
47029,-0.752586149,-0.303003398
47031,-1.335917076,-0.945870333
47033,-1.743510001,-3.314147045
47035,-1.608084585,-0.825206715
47037,-3.152828681,
47039,-0.970459066,-6.659909809
47041,-0.942270525,0.678898232
47043,-1.309580031,
47045,-1.591913651,-1.678876907
47047,-3.529357802,-3.829033744
47049,-1.039999078,-1.011902696
47051,-1.279470096,1.759255678
47053,-2.39817422,-3.068426069
47055,-1.917246829,-2.557091052
47057,-1.109116422,-1.638201353
47059,-0.955752777,0.682101082
47061,-0.194006786,0.645424203
47063,-1.695905728,0.054262702
47065,-2.442673581,-3.264374707
47067,-1.004900649,0.665774528
47069,-2.96768717,-3.086042443
47071,-0.876625649,-1.275270708
47073,-0.637698571,1.345298249
47075,-1.694369144,-2.792106142
47077,-1.837615953,-2.010986102
47079,-2.08288172,-1.853656892
47081,-1.048053761,-1.152265963
47083,-0.425897069,-2.556756315
47085,-1.113890997,-2.144978764
47087,-1.144336843,-0.546573038
47089,-1.687526826,-1.246689181
47091,-0.613687252,0.993806792
47093,-2.592154704,-4.43619504
47095,0.525742963,-1.401975649
47097,-3.515616599,-4.963089567
47099,-0.997202059,-1.468281694
47101,-0.366453211,-0.308645529
47103,-1.172554345,0.568771662
47105,-2.561564908,-3.445525299
47107,-1.312103456,-1.914608841
47109,-0.969425631,-1.406696225
47111,-1.101297596,-0.895898676
47113,-2.368789679,-2.909065764
47115,-0.598606684,2.167788932
47117,-1.763653167,3.196373126
47119,-1.596848954,-15.45877473
47121,-1.048588578,4.029556029
47123,-0.904530279,-1.029414345
47125,-2.542543224,-5.618622406
47127,-0.943968398,2.084698071
47129,-0.494225795,-0.586830347
47131,-1.350741411,-1.798707742
47133,-1.620608765,-1.426625935
47135,-1.645102812,-1.137544337
47137,-0.725039545,-0.380525942
47139,-0.543972844,-0.342643718
47141,-1.467472527,-1.806569667
47143,-1.156720617,2.952268707
47145,-1.637446093,-2.344382251
47147,-2.180350852,-1.45835139
47149,-2.124175222,1.84202689
47151,-0.624183653,-0.602984679
47153,-1.062629591,2.358783792
47155,-1.385331015,-0.866230882
47157,-2.637806187,13.93252289
47159,-1.742442081,-2.115760118
47161,-1.306704057,-3.227679377
47163,-1.548986158,0.994391269
47165,-2.896048164,-2.027072541
47167,-2.583142699,-2.674680752
47169,-2.797856991,-2.603847269
47171,-0.888320533,0.129321526
47173,-0.925139243,-0.810310555
47175,-1.0063649,-4.853640486
47177,-1.232577408,4.269836882
47179,-1.416329667,1.102461404
47181,-1.224090787,-1.019791053
47183,-1.548570616,-1.889793349
47185,-0.868527024,0.196478213
47187,-4.442444656,-5.204742248
47189,-2.290744787,-2.304201411
48001,-0.500731809,0.090120662
48003,-2.476475026,-0.63641015
48005,-0.715288862,-0.174767861
48007,-1.08677955,-3.150962355
48009,0.65643404,-0.677335471
48011,-0.879805425,-0.449626958
48013,-0.866132601,10.1404297
48015,-1.143853728,-2.197542236
48017,-0.670874225,-3.483022706
48019,-1.22366551,-0.762947517
48021,-0.593633696,-3.150352422
48023,-0.068540657,-0.735129312
48025,-0.197534684,1.984849743
48027,-1.515699917,-5.349193676
48029,-2.968557095,9.653665253
48031,-0.99214562,-0.542915831
48033,0.304586825,-0.180072752
48035,-0.441840405,-0.670072991
48037,-0.514497938,-0.421353433
48039,-1.450553569,6.031550875
48041,-3.237130823,-2.483320116
48043,-0.988070693,0.70808444
48045,0.341115888,-0.095003408
48047,2.828144204,6.890318455
48049,-0.616973798,-0.903361076
48051,-0.371855184,-0.392469143
48053,-0.939235558,-1.290552129
48055,-0.810923278,12.92107099
48057,-0.143994928,-1.871319984
48059,-0.533826357,-0.823921296
48061,0.319408735,6.634287148
48063,-0.348129053,-0.878433384
48065,-0.261694827,0.417541464
48067,-0.37560019,-0.335285256
48069,-0.977102319,-2.454116406
48071,-0.539530368,-2.048163254
48073,-0.437410128,-0.770038186
48075,-0.925694556,-1.532058205
48077,0.498307442,-0.173839322
48079,1.462986296,-1.169763078
48081,-2.119659301,-2.688699532
48083,-0.404035373,-1.027787868
48085,-3.74085903,-5.052479478
48087,-0.564999283,-1.345993989
48089,-0.190584365,-0.83462417
48091,-2.145283531,10.09611231
48093,-0.023248728,-0.293486816
48095,0.096569532,-1.644923574
48097,-0.867076379,-1.618229696
48099,-1.238070452,-1.522609341
48101,-0.144864414,-0.126373115
48103,-0.315515339,1.665832406
48105,-0.487367003,0.995102406
48107,-1.020731383,-3.980217367
48109,-0.151374373,3.722420454
48111,0.310045123,0.2938572
48113,-3.206047301,3.732116213
48115,-0.793816206,1.950848289
48117,-1.715353713,0.603822918
48119,-0.804763196,-0.655625258
48121,-3.357375263,-6.62481471
48123,-0.751334546,-1.048415459
48125,0.913798355,-0.290622578
48127,0.423873287,2.17928417
48129,-0.783114752,-0.956790927
48131,6.604788323,11.85063131
48133,-0.476570069,-0.549232635
48135,-0.593782957,-1.002479826
48137,-0.887161114,-0.157923871
48139,-1.587876479,-2.520036274
48141,-0.493410151,4.87348708
48143,-0.922978519,0.234114334
48145,-1.190184536,-1.338574009
48147,-0.13437255,-1.052318862
48149,0.020327002,-1.293072555
48151,0.286162929,-1.210029388
48153,-1.367482081,-0.41616601
48155,2.740805226,0.428921569
48157,-2.703591853,-9.405298621
48159,-0.722961485,-1.044069186
48161,-0.426387535,-0.993452374
48163,1.634183332,3.938335895
48165,-0.026291662,-0.900572323
48167,-1.639598292,-2.074040107
48169,0.020707218,-1.568209501
48171,-0.951165215,-0.495171758
48173,-0.514106583,-1.031055901
48175,-0.257628968,0.360073907
48177,-1.595926908,-6.218834805
48179,-0.466121137,-0.358438512
48181,-0.551459141,-2.072351982
48183,-1.124609339,-0.17688891
48185,-0.818537415,-1.111539864
48187,-2.121217356,2.872451349
48189,-0.542423155,-3.449987595
48191,-0.480401824,-0.328255764
48193,-0.830476055,-1.167257232
48195,-0.32647221,0.284436793
48197,-0.324366192,-2.167283308
48199,-0.123809635,-1.473672946
48201,-2.400352808,-21.14260376
48203,-0.541846807,-0.457794794
48205,-0.804269581,-0.881544835
48207,0.005813855,-1.215317597
48209,-2.638824519,9.891385987
48211,-0.321751969,-1.171313329
48213,-0.777142728,-1.782710233
48215,-0.499553298,5.097718782
48217,-0.836663956,-0.873521659
48219,-0.804504515,-2.456034919
48221,-0.958497272,-1.23833704
48223,-0.83537134,-0.973534742
48225,-0.801483294,-1.119662772
48227,-0.382551631,-1.204671574
48229,7.208475353,6.119537864
48231,-1.038374819,-1.549153979
48233,-0.547280223,-0.454402368
48235,-0.907904688,-1.065272052
48237,-0.067537681,-0.602102366
48239,-0.047597819,-1.653682798
48241,-0.281055902,-1.09682572
48243,-0.347754839,-0.116543617
48245,-0.747099293,-1.347550769
48247,4.582154429,15.37760864
48249,1.291459493,3.408219142
48251,-1.015753716,-1.170448827
48253,-0.141633963,-1.696872395
48255,-0.169897625,2.890776881
48257,-1.106014241,-2.200341687
48259,-2.47291349,-1.623333677
48261,0.901930894,20.41412602
48263,1.810884205,0.371475429
48265,-1.758166434,-1.045529615
48267,-1.04341032,-1.976789507
48269,-1.784693294,-2.346882782
48271,-1.087857128,-0.198855579
48273,-0.569667302,1.662472668
48275,0.313381923,-0.359157653
48277,-0.312053799,-0.358838729
48279,-0.552599226,-2.204696299
48281,-1.331069942,-1.346637703
48283,4.08318979,18.85311309
48285,0.026713694,-1.858371924
48287,-0.470040786,-2.551695568
48289,-0.315656282,-0.442036878
48291,0.0401397,-1.450570794
48293,-0.495785581,-1.078138272
48295,-0.799272684,-0.560830696
48297,-0.238159916,-0.399102163
48299,-5.353186146,-6.106069393
48301,1.686507937,3.919491525
48303,-2.288761162,-4.045577734
48305,-0.31666243,-2.721390744
48307,-0.510732271,-0.913832194
48309,-2.343477067,-2.436652864
48311,-1.679472547,11.11150176
48313,-0.65544297,-0.895360726
48315,-0.457461889,-0.992488573
48317,-0.745763398,-0.61964035
48319,0.332613674,-0.042837557
48321,-0.570001104,-1.266085234
48323,3.486959262,4.948834868
48325,-1.730394616,-2.04554154
48327,-0.146226581,-0.452036978
48329,-1.304087198,-1.728095067
48331,-0.301958631,-0.853508435
48333,-0.598684129,-1.012604896
48335,-1.036488728,-1.226078215
48337,-0.321130002,-1.062398689
48339,-1.803189606,-2.80521412
48341,-0.789121356,0.607668538
48343,0.25232187,0.148168218
48345,-0.147789219,-0.452317399
48347,-1.282527422,-0.616633562
48349,-0.960301094,-1.885228892
48351,0.184080784,-0.63750526
48353,-1.13573021,-2.247341453
48355,-1.564422114,-2.346220252
48357,-0.616285491,-0.645878218
48359,-0.580590917,0.157516258
48361,-0.015254633,-1.640361266
48363,-0.770961199,-0.898446713
48365,-0.015130279,-0.077515932
48367,-1.129908616,-2.818964298
48369,-1.049188325,-1.77715193
48371,0.824824655,4.376523797
48373,0.300569849,-3.106276317
48375,-1.509877007,-0.442247417
48377,0.864672365,3.0872622
48379,-0.551605494,-0.67236259
48381,-1.617962663,-0.701692545
48383,-0.731164874,1.020657423
48385,-1.34342022,-1.34342022
48387,-0.511954281,-0.615413475
48389,2.066658966,6.664537787
48391,-0.340298816,-1.737090263
48393,-0.34090986,0.404965405
48395,-0.934678339,-0.949312522
48397,-2.425274175,-2.846192765
48399,-0.481894021,-0.998665666
48401,-0.480054921,0.08476631
48403,0.554260268,0.404210147
48405,-0.345140373,-0.210031017
48407,0.084994506,-1.135664023
48409,-0.793878434,12.89400482
48411,-0.207640218,-0.76970244
48413,-1.248452766,-0.410606356
48415,0.08434936,-1.250256993
48417,-0.821818522,-1.538232198
48419,-0.137584363,-0.519785434
48421,-0.307377049,0.561765408
48423,-1.037385158,-0.046698013
48425,-0.974168229,-0.873807684
48427,5.760047447,22.58262594
48429,-0.351303041,-3.570764863
48431,-0.376772936,-0.413992011
48433,1.362965367,0.011155276
48435,-0.642861312,-0.973032516
48437,-0.036072389,0.664715529
48439,-2.63838105,25.27552852
48441,-2.259647238,-3.767098965
48443,0.09432069,1.793045128
48445,-0.484513334,-3.314369248
48447,-0.437937938,-1.44353656
48449,-0.383679769,-0.217470767
48451,-1.429854012,-1.855898225
48453,-3.084802706,8.98307873
48455,-0.372600237,-1.555396237
48457,0.393087326,-2.668380053
48459,-0.04885298,-1.806653534
48461,-0.371804228,2.147587916
48463,-0.725765993,-0.470640967
48465,-0.265170182,1.055776961
48467,-0.313602,-0.82881479
48469,-0.950097223,-3.369903976
48471,-1.510872619,-1.980499947
48473,-1.260780582,-1.680810151
48475,-0.294333754,2.505919913
48477,-1.11124884,-2.221474792
48479,2.053194303,11.2515584
48481,-0.641874364,-1.614159932
48483,0.130241262,-0.010310533
48485,-0.918097532,-1.673020292
48487,-1.235663281,-0.65514226
48489,1.610850567,9.454505495
48491,-2.273562529,-3.339570535
48493,-1.116901411,4.433094516
48495,-0.487052412,2.32550693
48497,-0.700585784,-3.085165866
48499,-0.530027165,-0.868004842
48501,-0.956541754,-1.891267994
48503,-0.553632054,-1.507120166
48505,8.303973861,18.54940625
48507,2.345597066,4.327290854
49001,,0.31967346
49003,,1.033344204
49005,,-0.864147887
49007,,-2.667812912
49009,,-0.918383543
49011,,-3.146767931
49013,,0.197643102
49015,,-1.515340691
49017,,0.198867689
49019,,-4.467793793
49021,,-1.808188196
49023,,4.048150169
49025,,-1.250389341
49027,,-1.351765358
49029,,-2.041619556
49031,,-2.604234036
49033,,2.477310108
49035,,-11.63244798
49037,,-5.857277457
49039,,6.241053342
49041,,-1.476490618
49043,,-4.397334174
49045,,-3.499579059
49047,,0.152564019
49049,,-8.844700365
49051,,-6.766643067
49053,,-1.558867946
49055,,-0.408940368
49057,,-3.03573908
50001,,2.913817068
50003,,3.094085961
50005,,5.041082633
50007,,-0.001335541
50009,,6.593773434
50011,,6.993063383
50013,,4.697464512
50015,,2.570005359
50017,,4.837990675
50019,,7.257596296
50021,,5.857337376
50023,,2.20868069
50025,,2.539000887
50027,,3.370718288
51001,2.007933594,1.471867953
51003,0.245043898,1.308046581
51005,7.674455232,
51007,1.810285427,1.611894617
51009,2.996629991,-3.761673541
51011,3.7806209,3.150098669
51013,-3.077940768,-3.402266996
51015,2.974109011,-3.386242597
51017,4.552035621,-4.117002494
51019,3.244469723,-2.361807548
51021,6.155190963,
51023,4.034828973,-4.029148689
51025,2.124827024,0.722588207
51027,9.910344378,
51029,2.111367009,1.435951278
51031,3.799095742,3.901350069
51033,2.377317424,-4.394847083
51035,5.275279349,
51036,1.502922366,0.674248259
51037,3.190419719,2.323119905
51041,0.695307957,2.066119701
51043,0.676866748,-1.358566571
51045,5.300441631,
51047,1.782135675,0.177259351
51049,1.540038009,1.325606126
51051,7.796700815,
51053,1.67297116,0.835800213
51057,2.590905914,-5.300834242
51059,-1.369980726,-0.587217103
51061,0.01987257,1.052656382
51063,3.976103805,
51065,2.219633099,2.821903655
51067,5.054751136,2.187052852
51069,1.48333444,-0.590543442
51071,6.210258218,
51073,2.09406362,-5.074046093
51075,0.141167936,0.767245703
51077,5.521776149,
51079,2.714965795,3.162164935
51081,1.999460573,1.51588314
51083,3.259965033,1.723327185
51085,0.72727312,-4.653675819
51087,0.383460858,-3.986359195
51089,6.043204284,
51091,5.443453982,-2.770207025
51093,1.302112282,0.259702715
51095,-0.359010134,3.586625557
51097,2.453742859,-3.572477676
51099,1.68846519,-6.683103534
51101,1.965788791,-3.283432501
51103,0.979511408,-6.870139412
51105,7.637156169,
51107,-0.920263205,-2.719258402
51109,1.669992819,1.454481441
51111,2.735315599,1.578423431
51113,2.466491009,3.161718629
51115,1.634258159,-4.89602594
51117,1.776528447,-0.403784799
51119,2.208599661,-4.148894607
51121,2.194789639,
51125,3.500425768,3.00022007
51127,1.149107103,-8.804172384
51131,2.81640072,2.393785322
51133,2.051708462,-6.812192556
51135,2.313035702,2.345357589
51137,1.655482718,0.993275206
51139,3.274644489,-1.544390126
51141,4.45372915,
51143,-0.005867479,2.456922082
51145,1.371021042,1.865425202
51147,1.908432783,0.924866958
51149,0.963062514,0.708281137
51153,0.524941799,11.29312391
51155,5.771835308,
51157,2.130975079,1.099000061
51159,4.553524109,-7.137169416
51161,3.567557269,
51163,4.344617116,-4.010181227
51165,2.21606062,-8.285800531
51167,6.9013456,
51169,4.713408296,
51171,1.733753438,-2.391608973
51173,6.876665616,
51175,1.831004778,-0.017791303
51177,1.054172232,-2.552630685
51179,0.252211308,-6.347330325
51181,1.264340077,0.054681079
51183,1.648009906,0.575787744
51185,6.971097156,
51187,1.822402056,-1.542432424
51191,3.871661862,
51193,3.84910556,-5.917086757
51195,6.573913041,
51197,6.134314741,
51199,0.11948908,0.457440108
51510,-2.537835755,-3.030845544
51515,,
51520,6.077270376,
51530,6.480047376,-5.801293732
51540,-1.151414123,0.171839749
51550,0.684179997,-9.768656873
51570,2.051108577,1.023338316
51580,7.604362203,
51590,3.996895085,1.86208648
51595,1.310191954,0.243457672
51600,-0.704194653,-1.283046026
51610,-2.701132482,-2.352882091
51620,1.421435124,-0.43567398
51630,-0.29544272,-6.437261057
51640,5.630646925,
51650,0.880981703,6.500922043
51660,-0.003698423,-5.918764249
51670,2.134791332,-0.034398878
51678,1.023739785,-6.06925637
51680,0.571598973,-4.762475982
51683,0.523445606,-1.226918128
51685,2.225132327,-0.538681845
51690,4.277740293,
51700,0.847464418,0.292010841
51710,0.909602379,7.078189313
51720,7.999545274,
51730,0.487539991,-0.527310009
51735,1.504478934,0.857145688
51740,1.224266635,0.399978547
51750,2.276928056,
51760,-1.438810245,-2.595192156
51770,3.024746573,-4.478479844
51775,3.561205611,
51790,1.703387827,-4.067212872
51800,0.626437603,-7.48356889
51810,1.178377635,0.373778326
51820,2.379159277,-3.88449183
51830,-0.510696873,-0.38684992
51840,1.806189898,-0.213467079
53001,,-5.839147527
53003,,-6.544539005
53005,,-7.038512709
53007,,-0.074598508
53009,,1.932933681
53011,,-5.022528669
53013,,-4.594054696
53015,,-3.752299073
53017,,3.08132021
53019,,-4.576480449
53021,,-6.251437949
53023,,-6.727190239
53025,,-4.440556714
53027,,2.481822297
53029,,-0.716652714
53031,,-0.66817381
53033,,-18.38181874
53035,,0.070122292
53037,,0.177907878
53039,,-3.631071455
53041,,-3.428354236
53043,,-5.203921738
53045,,
53047,,-6.097685227
53049,,-3.801401197
53051,,-3.393191075
53053,,
53055,,-1.204463838
53057,,1.434056992
53059,,-3.628809024
53061,,6.417540501
53063,,-7.009821393
53065,,-3.871878589
53067,,
53069,,-4.917767328
53071,,-5.855235808
53073,,15.85293881
53075,,-9.35734132
53077,,-7.950974636
54001,-1.41632595,2.046153791
54003,-3.157414439,-0.908858222
54005,0.19170858,6.364006406
54007,-0.311250451,9.288781683
54009,-1.285885178,2.369564941
54011,-4.652517774,-0.794771731
54013,-0.357314033,11.30905242
54015,-1.655595888,10.90734747
54017,-0.009876056,2.041509068
54019,0.261770603,3.18641322
54021,0.256122329,3.81449334
54023,-0.573256279,2.007739237
54025,-1.858420235,0.65477593
54027,-0.993096644,1.569440354
54029,-1.301227421,1.913214631
54031,-2.401728863,1.870809456
54033,-3.900557875,-0.554486786
54035,-3.020513707,6.27384888
54037,-3.214928206,-2.42965751
54039,-6.607983913,5.663226968
54041,-1.043417993,6.305361425
54043,0.194984153,5.621137691
54045,0.673123999,5.344968291
54047,2.523563059,3.603500302
54049,-4.006206804,-0.229644315
54051,-3.407692509,1.381333098
54053,-1.235367175,4.401854714
54055,-0.469456565,0.619432856
54057,-1.887564824,-0.045741015
54059,2.357455085,6.224713462
54061,-4.670854746,-2.247539739
54063,0.012731459,0.909348566
54065,-1.825107859,1.664512356
54067,0.563604859,3.377800315
54069,-6.255588559,-4.004800397
54071,-3.542724007,3.367649973
54073,-0.869022178,3.576706015
54075,1.04447029,3.57499191
54077,-0.942129182,1.380484416
54079,-3.63705716,5.835322186
54081,1.224424974,2.474095128
54083,-3.511989503,6.56206673
54085,0.220835336,3.096481857
54087,-2.441853127,7.15332907
54089,1.427234838,2.992529742
54091,-2.096514878,0.504551291
54093,-0.760767587,2.441919881
54095,0.131834107,3.313701553
54097,-2.440957875,3.868908113
54099,-0.097318151,4.619243563
54101,1.036215765,6.027438995
54103,-0.564589233,3.984076647
54105,-1.166970185,5.6135284
54107,-3.421521371,0.658490008
54109,4.849481691,5.222934872
55001,,3.139496463
55003,,0.644734823
55005,,-0.384484693
55007,,-0.034746961
55009,,-7.46783872
55011,,7.426551249
55013,,-0.575746497
55015,,-6.192297331
55017,,-6.722185681
55019,,0.787124674
55021,,-0.952834621
55023,,6.771830579
55025,,-1.4146056
55027,,3.226500462
55029,,-6.919821938
55031,,-0.003021472
55033,,2.912218447
55035,,2.276676007
55037,,-0.879551391
55039,,-0.720519597
55041,,1.107037021
55043,,4.558535951
55045,,1.208243287
55047,,-1.260040573
55049,,2.050560456
55051,,0.551825459
55053,,-12.45534328
55055,,-1.122957238
55057,,-4.94690387
55059,,-4.268814599
55061,,-5.032357999
55063,,3.388895443
55065,,3.177194065
55067,,-0.412979084
55069,,-0.750726813
55071,,-1.315929099
55073,,-1.600566258
55075,,-4.93246027
55077,,-0.138720453
55078,,-9.420134465
55079,,-18.00274639
55081,,-7.761280804
55083,,-4.751862269
55085,,-0.621967001
55087,,-5.866214078
55089,,-3.78224654
55091,,4.396648193
55093,,0.904442071
55095,,-0.36220834
55097,,2.777987976
55099,,0.171619044
55101,,-4.754093864
55103,,4.435483052
55105,,0.970765319
55107,,0.671389071
55109,,-1.699650371
55111,,1.013751566
55113,,-0.313313866
55115,,-0.046865187
55117,,-1.822693732
55119,,-0.757375836
55121,,5.369436229
55123,,6.528222153
55125,,-1.175429978
55127,,17.98048707
55129,,-0.347015556
55131,,-2.0786798
55133,,-1.019558275
55135,,-3.375813995
55137,,-0.277994998
55139,,-20.15769891
55141,,-0.583683619
56001,-1.950709106,-2.005375631
56003,-0.689392086,-0.45443692
56005,0.022375379,-0.413205096
56007,-0.094445054,0.199772559
56009,2.54296437,-0.047529257
56011,-0.139744616,-0.464277544
56013,-1.064909418,-0.250816184
56015,-0.064160001,-1.776332071
56017,1.418868846,-1.300245267
56019,-0.02095528,-1.200880673
56021,-1.25460537,-1.892496748
56023,-0.653766118,-0.168369088
56025,1.638400233,-1.695243728
56027,-0.073557329,-0.072456451
56029,-1.898475837,-2.166746118
56031,-0.110770754,0.886846163
56033,-1.933119493,-2.45699305
56035,-0.971275057,0.104236847
56037,0.058574995,1.07640851
56039,-6.697544459,-7.055827207
56041,-0.049288462,0.812918156
56043,0.033440594,-0.352263717
56045,1.240910794,2.329855526